# OpenSCAD obj exporter
v -4.21115 -3.54657 0
v -4.21115 -3.54657 0.333333
v -4.53691 -3.11904 0
v -4.53691 -3.11904 0.333333
v -4.73023 -2.81723 0
v -4.63603 -2.96971 0
v -4.73023 -2.81723 0.333333
v -4.63603 -2.96971 0.333333
v -4.32435 -3.40762 0
v -4.43298 -3.26506 0
v -4.32435 -3.40762 0.333333
v -4.43298 -3.26506 0.333333
v -3.58073 -4.18214 0
v -3.4427 -4.29648 0
v -3.58073 -4.18214 0.333333
v -3.4427 -4.29648 0.333333
v -3.15586 -4.51137 0
v -3.15586 -4.51137 0.333333
v -3.30103 -4.40626 0
v -3.30103 -4.40626 0.333333
v -3.00734 -4.6117 0
v -2.85564 -4.70715 0
v -3.00734 -4.6117 0.333333
v -2.85564 -4.70715 0.333333
v -3.97147 -3.81305 0
v -3.84525 -3.9403 0
v -3.97147 -3.81305 0.333333
v -3.84525 -3.9403 0.333333
v -4.09347 -3.68176 0
v -4.09347 -3.68176 0.333333
v -3.71496 -4.06337 0
v -3.71496 -4.06337 0.333333
v -3.96989 -2.76686 1
v -3.96777 -2.76984 1
v -3.96699 -2.77023 1
v -3.80073 -2.995 1
v -3.8962 -2.8697 1
v -3.86207 -2.82297 1
v -3.70123 -3.11712 1
v -3.49057 -3.35134 1
v -3.5978 -3.23594 1
v -3.75624 -2.79683 1
v -3.37963 -3.46318 1
v -3.14714 -3.67573 1
v -3.26512 -3.57135 1
v -2.76686 -3.96989 1
v -2.77372 -3.9651 1
v -2.76984 -3.96777 1
v -2.76987 -3.9677 1
v -2.90131 -3.87271 1
v -2.82307 -3.86196 1
v -3.02583 -3.77622 1
v -2.79683 -3.75624 1
v -2.82827 -2.82827 1
v -4.81943 -2.66177 0
v -4.90351 -2.50349 0
v -4.81943 -2.66177 0.333333
v -4.90351 -2.50349 0.333333
v -5.05601 -2.17914 0
v -4.9824 -2.34256 0
v -5.05601 -2.17914 0.333333
v -4.9824 -2.34256 0.333333
v -5.18708 -1.84556 0
v -5.18708 -1.84556 0.333333
v -5.24441 -1.67574 0
v -5.29617 -1.50415 0
v -5.24441 -1.67574 0.333333
v -5.29617 -1.50415 0.333333
v -5.12426 -2.01342 0
v -5.12426 -2.01342 0.333333
v -4.15746 -2.4761 1
v -4.30975 -2.20035 1
v -4.23585 -2.33946 1
v -4.50377 -1.76962 1
v -4.55899 -1.62208 1
v -4.60937 -1.47283 1
v -4.44379 -1.91527 1
v -4.37909 -2.0589 1
v -5.34233 -1.33096 0
v -5.38282 -1.15637 0
v -5.34233 -1.33096 0.333333
v -5.38282 -1.15637 0.333333
v -5.4176 -0.980548 0
v -5.44665 -0.803687 0
v -5.4176 -0.980548 0.333333
v -5.44665 -0.803687 0.333333
v -5.46992 -0.625975 0
v -5.4874 -0.4476 0
v -5.46992 -0.625975 0.333333
v -5.4874 -0.4476 0.333333
v -5.49906 -0.26875 0
v -5.5049 -0.0896149 0
v -5.49906 -0.26875 0.333333
v -5.5049 -0.0896149 0.333333
v -4.82294 -0.3934 1
v -4.83319 -0.236207 1
v -4.83832 -0.0787635 1
v -4.65487 -1.32202 1
v -4.69543 -1.1698 1
v -4.64839 -1.13013 1
v -4.72653 -1.03703 1
v -4.72571 -1.0406 1
v -4.72528 -1.04109 1
v -4.54062 -1.14648 1
v -4.73102 -1.01635 1
v -4.73391 -1.00172 1
v -4.74598 -0.944034 1
v -4.75944 -0.87273 1
v -4.7616 -0.861815 1
v -4.72934 -1.02359 1
v -4.7636 -0.850671 1
v -4.76421 -0.847066 1
v -4.76408 -0.846685 1
v -4.76226 -0.857747 1
v -4.78712 -0.70637 1
v -4.72704 -0.734606 1
v -4.43239 -1.12584 1
v -4.32211 -1.11859 1
v -4.21065 -1.12458 1
v -4.80758 -0.550177 1
v -4.63373 -0.678406 1
v -4.52583 -0.656007 1
v -4.42118 -0.620405 1
v -4.32049 -0.572206 1
v -4.2245 -0.512005 1
v -4.07739 -2.60577 1
v -4.07545 -2.60887 1
v -4.0774 -2.60567 1
v -4.07495 -2.60964 1
v -4.07466 -2.61011 1
v -4.07349 -2.61187 1
v -4.02345 -2.68838 1
v -3.9815 -2.74985 1
v -3.98754 -2.74136 1
v -3.99635 -2.72808 1
v -4.08609 -2.48765 1
v -4.02139 -2.40002 1
v -3.93028 -2.33803 1
v -3.84722 -2.26509 1
v -3.66415 -2.73634 1
v -3.56504 -2.68744 1
v -3.45978 -2.65032 1
v -3.77264 -2.18203 1
v -3.707 -2.08968 1
v -3.65771 -1.95473 1
v -3.64037 -1.81275 1
v -3.65343 -1.66948 1
v -3.76386 -1.40286 1
v -3.69532 -1.53065 1
v -3.34922 -2.62513 1
v -3.20568 -2.63125 1
v -3.06787 -2.66956 1
v -2.94051 -2.73644 1
v -4.09887 -1.14362 1
v -3.9686 -1.20419 1
v -3.85594 -1.29232 1
v -4.12733 -0.406185 1
v -4.05698 -0.281653 1
v -4.01421 -0.144295 1
v -2.54332 -4.88297 0
v -2.54332 -4.88297 0.333333
v -2.38303 -4.96317 0
v -2.22022 -5.03811 0
v -2.38303 -4.96317 0.333333
v -2.22022 -5.03811 0.333333
v -2.70091 -4.7976 0
v -2.70091 -4.7976 0.333333
v -2.50985 -4.13717 1
v -2.37386 -4.21667 1
v -2.09447 -4.36219 1
v -2.23535 -4.2917 1
v -1.88771 -5.17189 0
v -1.88771 -5.17189 0.333333
v -2.05506 -5.10771 0
v -2.05506 -5.10771 0.333333
v -1.71837 -5.23059 0
v -1.5472 -5.28375 0
v -1.71837 -5.23059 0.333333
v -1.5472 -5.28375 0.333333
v -1.80621 -4.48922 1
v -1.95138 -4.42805 1
v -1.65913 -4.54563 1
v -1.51029 -4.59723 1
v -2.68838 -4.02345 1
v -2.6559 -4.04469 1
v -2.64319 -4.05328 1
v -2.63222 -4.06018 1
v -2.60577 -4.07739 1
v -2.60887 -4.07545 1
v -2.60474 -4.07747 1
v -2.48779 -4.08603 1
v -2.73638 -3.66411 1
v -2.68755 -3.56494 1
v -2.65044 -3.45966 1
v -2.40002 -4.02139 1
v -2.33808 -3.93026 1
v -2.26523 -3.84716 1
v -2.18218 -3.77258 1
v -2.08968 -3.707 1
v -2.62513 -3.34922 1
v -2.63125 -3.20568 1
v -2.66956 -3.06787 1
v -2.73644 -2.94051 1
v -1.95473 -3.65771 1
v -1.81275 -3.64037 1
v -1.66948 -3.65343 1
v -1.53065 -3.69532 1
v -1.40286 -3.76386 1
v -1.3744 -5.33132 0
v -1.20014 -5.37323 0
v -1.3744 -5.33132 0.333333
v -1.20014 -5.37323 0.333333
v -1.02461 -5.40944 0
v -0.84799 -5.43993 0
v -1.02461 -5.40944 0.333333
v -0.84799 -5.43993 0.333333
v -1.20798 -4.68576 1
v -1.35986 -4.64395 1
v -1.13027 -4.64833 1
v -1.05482 -4.72259 1
v -1.03703 -4.72653 1
v -1.0406 -4.72571 1
v -1.04088 -4.72547 1
v -1.14648 -4.54062 1
v -1.12589 -4.43236 1
v -1.11873 -4.32205 1
v -1.12473 -4.21059 1
v -0.944034 -4.74598 1
v -0.913962 -4.75165 1
v -0.90054 -4.75442 1
v -0.885891 -4.75695 1
v -0.850671 -4.7636 1
v -0.847066 -4.76421 1
v -0.845968 -4.76384 1
v -0.745308 -4.78122 1
v -0.734757 -4.72704 1
v -0.670473 -5.46465 0
v -0.492245 -5.48358 0
v -0.670473 -5.46465 0.333333
v -0.492245 -5.48358 0.333333
v -0.313496 -5.49669 0
v -0.134415 -5.50398 0
v -0.313496 -5.49669 0.333333
v -0.134415 -5.50398 0.333333
v -0.43264 -4.81958 1
v -0.275535 -4.83111 1
v -0.118139 -4.83752 1
v -0.589286 -4.80294 1
v -0.678406 -4.63373 1
v -0.656062 -4.52583 1
v -0.620556 -4.42118 1
v -0.572374 -4.32049 1
v -0.512005 -4.2245 1
v -1.20419 -3.9686 1
v -1.29232 -3.85594 1
v -1.14362 -4.09887 1
v -0.406185 -4.12733 1
v -0.281653 -4.05698 1
v -0.144295 -4.01421 1
v 0 -3.99978 1
v -2.13976 -1.47697 0
v -1.47697 -2.13976 0
v -1.94613 -1.72412 0
v -1.72412 -1.94613 0
v -1.83848 -1.83848 0
v -2.04668 -1.60347 0
v -1.60347 -2.04668 0
v -2.43104 -0.921973 0
v -2.48227 -0.773508 0
v -2.30219 -1.20828 0
v -2.37094 -1.06707 0
v -2.22503 -1.34508 0
v -2.52445 -0.622221 0
v -2.55741 -0.468663 0
v -2.58104 -0.313395 0
v -2.59526 -0.156984 0
v -1.20828 -2.30219 0
v -1.34508 -2.22503 0
v -1.06707 -2.37094 0
v -0.921973 -2.43104 0
v -0.773508 -2.48227 0
v -0.622221 -2.52445 0
v -0.468663 -2.55741 0
v -0.313395 -2.58104 0
v -0.156984 -2.59526 0
v 0 -2.6 0
v -4.21115 -3.54657 7.86667
v -4.21115 -3.54657 8.2
v -4.53691 -3.11904 7.86667
v -4.53691 -3.11904 8.2
v -4.73023 -2.81723 7.86667
v -4.63603 -2.96971 7.86667
v -4.73023 -2.81723 8.2
v -4.63603 -2.96971 8.2
v -4.32435 -3.40762 7.86667
v -4.43298 -3.26506 7.86667
v -4.32435 -3.40762 8.2
v -4.43298 -3.26506 8.2
v -3.58073 -4.18214 7.86667
v -3.4427 -4.29648 7.86667
v -3.58073 -4.18214 8.2
v -3.4427 -4.29648 8.2
v -3.15586 -4.51137 7.86667
v -3.15586 -4.51137 8.2
v -3.30103 -4.40626 7.86667
v -3.30103 -4.40626 8.2
v -3.00734 -4.6117 7.86667
v -2.85564 -4.70715 7.86667
v -3.00734 -4.6117 8.2
v -2.85564 -4.70715 8.2
v -3.97147 -3.81305 7.86667
v -3.84525 -3.9403 7.86667
v -3.97147 -3.81305 8.2
v -3.84525 -3.9403 8.2
v -4.09347 -3.68176 7.86667
v -4.09347 -3.68176 8.2
v -3.71496 -4.06337 7.86667
v -3.71496 -4.06337 8.2
v -3.96989 -2.76686 7.2
v -3.96777 -2.76984 7.2
v -3.96699 -2.77023 7.2
v -3.80073 -2.995 7.2
v -3.8962 -2.8697 7.2
v -3.86207 -2.82297 7.2
v -3.70123 -3.11712 7.2
v -3.49057 -3.35134 7.2
v -3.5978 -3.23594 7.2
v -3.75624 -2.79683 7.2
v -3.37963 -3.46318 7.2
v -3.14714 -3.67573 7.2
v -3.26512 -3.57135 7.2
v -2.76686 -3.96989 7.2
v -2.77372 -3.9651 7.2
v -2.76984 -3.96777 7.2
v -2.76987 -3.9677 7.2
v -2.90131 -3.87271 7.2
v -2.82307 -3.86196 7.2
v -3.02583 -3.77622 7.2
v -2.79683 -3.75624 7.2
v -2.82827 -2.82827 7.2
v -4.81943 -2.66177 7.86667
v -4.90351 -2.50349 7.86667
v -4.81943 -2.66177 8.2
v -4.90351 -2.50349 8.2
v -5.05601 -2.17914 7.86667
v -4.9824 -2.34256 7.86667
v -5.05601 -2.17914 8.2
v -4.9824 -2.34256 8.2
v -5.18708 -1.84556 7.86667
v -5.18708 -1.84556 8.2
v -5.24441 -1.67574 7.86667
v -5.29617 -1.50415 7.86667
v -5.24441 -1.67574 8.2
v -5.29617 -1.50415 8.2
v -5.12426 -2.01342 7.86667
v -5.12426 -2.01342 8.2
v -4.15746 -2.4761 7.2
v -4.30975 -2.20035 7.2
v -4.23585 -2.33946 7.2
v -4.50377 -1.76962 7.2
v -4.55899 -1.62208 7.2
v -4.60937 -1.47283 7.2
v -4.44379 -1.91527 7.2
v -4.37909 -2.0589 7.2
v -5.34233 -1.33096 7.86667
v -5.38282 -1.15637 7.86667
v -5.34233 -1.33096 8.2
v -5.38282 -1.15637 8.2
v -5.4176 -0.980548 7.86667
v -5.44665 -0.803687 7.86667
v -5.4176 -0.980548 8.2
v -5.44665 -0.803687 8.2
v -4.82294 -0.3934 7.2
v -4.83319 -0.236207 7.2
v -4.83832 -0.0787635 7.2
v -5.46992 -0.625975 7.86667
v -5.4874 -0.4476 7.86667
v -5.46992 -0.625975 8.2
v -5.4874 -0.4476 8.2
v -5.49906 -0.26875 7.86667
v -5.5049 -0.0896149 7.86667
v -5.49906 -0.26875 8.2
v -5.5049 -0.0896149 8.2
v -4.65487 -1.32202 7.2
v -4.69543 -1.1698 7.2
v -4.64839 -1.13013 7.2
v -4.72653 -1.03703 7.2
v -4.72571 -1.0406 7.2
v -4.72528 -1.04109 7.2
v -4.54062 -1.14648 7.2
v -4.73102 -1.01635 7.2
v -4.73391 -1.00172 7.2
v -4.74598 -0.944034 7.2
v -4.75944 -0.87273 7.2
v -4.7616 -0.861815 7.2
v -4.72934 -1.02359 7.2
v -4.7636 -0.850671 7.2
v -4.76421 -0.847066 7.2
v -4.76408 -0.846685 7.2
v -4.76226 -0.857747 7.2
v -4.78712 -0.70637 7.2
v -4.72704 -0.734606 7.2
v -4.43239 -1.12584 7.2
v -4.32211 -1.11859 7.2
v -4.21065 -1.12458 7.2
v -4.80758 -0.550177 7.2
v -4.63373 -0.678406 7.2
v -4.52583 -0.656007 7.2
v -4.42118 -0.620405 7.2
v -4.32049 -0.572206 7.2
v -4.2245 -0.512005 7.2
v -4.07739 -2.60577 7.2
v -4.07545 -2.60887 7.2
v -4.07495 -2.60964 7.2
v -4.0774 -2.60567 7.2
v -4.07466 -2.61011 7.2
v -4.07349 -2.61187 7.2
v -4.02345 -2.68838 7.2
v -3.9815 -2.74985 7.2
v -3.98754 -2.74136 7.2
v -3.99635 -2.72808 7.2
v -4.08609 -2.48765 7.2
v -4.02139 -2.40002 7.2
v -3.93028 -2.33803 7.2
v -3.84722 -2.26509 7.2
v -3.66415 -2.73634 7.2
v -3.56504 -2.68744 7.2
v -3.45978 -2.65032 7.2
v -3.77264 -2.18203 7.2
v -3.707 -2.08968 7.2
v -3.65771 -1.95473 7.2
v -3.64037 -1.81275 7.2
v -3.65343 -1.66948 7.2
v -3.76386 -1.40286 7.2
v -3.69532 -1.53065 7.2
v -3.34922 -2.62513 7.2
v -3.20568 -2.63125 7.2
v -3.06787 -2.66956 7.2
v -2.94051 -2.73644 7.2
v -4.09887 -1.14362 7.2
v -3.9686 -1.20419 7.2
v -3.85594 -1.29232 7.2
v -4.12733 -0.406185 7.2
v -4.05698 -0.281653 7.2
v -4.01421 -0.144295 7.2
v -2.54332 -4.88297 7.86667
v -2.54332 -4.88297 8.2
v -2.38303 -4.96317 7.86667
v -2.22022 -5.03811 7.86667
v -2.38303 -4.96317 8.2
v -2.22022 -5.03811 8.2
v -2.50985 -4.13717 7.2
v -2.37386 -4.21667 7.2
v -2.09447 -4.36219 7.2
v -2.23535 -4.2917 7.2
v -2.70091 -4.7976 7.86667
v -2.70091 -4.7976 8.2
v -1.88771 -5.17189 7.86667
v -1.88771 -5.17189 8.2
v -2.05506 -5.10771 7.86667
v -2.05506 -5.10771 8.2
v -1.71837 -5.23059 7.86667
v -1.5472 -5.28375 7.86667
v -1.71837 -5.23059 8.2
v -1.5472 -5.28375 8.2
v -1.80621 -4.48922 7.2
v -1.95138 -4.42805 7.2
v -1.65913 -4.54563 7.2
v -1.51029 -4.59723 7.2
v -2.68838 -4.02345 7.2
v -2.6559 -4.04469 7.2
v -2.64319 -4.05328 7.2
v -2.63222 -4.06018 7.2
v -2.60577 -4.07739 7.2
v -2.60887 -4.07545 7.2
v -2.60474 -4.07747 7.2
v -2.48779 -4.08603 7.2
v -2.73638 -3.66411 7.2
v -2.68755 -3.56494 7.2
v -2.65044 -3.45966 7.2
v -2.40002 -4.02139 7.2
v -2.33808 -3.93026 7.2
v -2.26523 -3.84716 7.2
v -2.18218 -3.77258 7.2
v -2.08968 -3.707 7.2
v -2.62513 -3.34922 7.2
v -2.63125 -3.20568 7.2
v -2.66956 -3.06787 7.2
v -2.73644 -2.94051 7.2
v -1.95473 -3.65771 7.2
v -1.81275 -3.64037 7.2
v -1.66948 -3.65343 7.2
v -1.53065 -3.69532 7.2
v -1.40286 -3.76386 7.2
v -1.3744 -5.33132 7.86667
v -1.20014 -5.37323 7.86667
v -1.3744 -5.33132 8.2
v -1.20014 -5.37323 8.2
v -1.02461 -5.40944 7.86667
v -0.84799 -5.43993 7.86667
v -1.02461 -5.40944 8.2
v -0.84799 -5.43993 8.2
v -1.20798 -4.68576 7.2
v -1.35986 -4.64395 7.2
v -1.13027 -4.64833 7.2
v -1.05482 -4.72259 7.2
v -1.03703 -4.72653 7.2
v -1.0406 -4.72571 7.2
v -1.04088 -4.72547 7.2
v -1.14648 -4.54062 7.2
v -1.12589 -4.43236 7.2
v -1.11873 -4.32205 7.2
v -1.12473 -4.21059 7.2
v -0.944034 -4.74598 7.2
v -0.913962 -4.75165 7.2
v -0.90054 -4.75442 7.2
v -0.885891 -4.75695 7.2
v -0.850671 -4.7636 7.2
v -0.847066 -4.76421 7.2
v -0.845968 -4.76384 7.2
v -0.745308 -4.78122 7.2
v -0.734757 -4.72704 7.2
v -0.43264 -4.81958 7.2
v -0.275535 -4.83111 7.2
v -0.118139 -4.83752 7.2
v -0.670473 -5.46465 7.86667
v -0.492245 -5.48358 7.86667
v -0.670473 -5.46465 8.2
v -0.492245 -5.48358 8.2
v -0.313496 -5.49669 7.86667
v -0.134415 -5.50398 7.86667
v -0.313496 -5.49669 8.2
v -0.134415 -5.50398 8.2
v -0.589286 -4.80294 7.2
v -0.678406 -4.63373 7.2
v -0.656062 -4.52583 7.2
v -0.620556 -4.42118 7.2
v -0.572374 -4.32049 7.2
v -0.512005 -4.2245 7.2
v -1.20419 -3.9686 7.2
v -1.29232 -3.85594 7.2
v -1.14362 -4.09887 7.2
v -0.406185 -4.12733 7.2
v -0.281653 -4.05698 7.2
v -0.144295 -4.01421 7.2
v 0 -3.99978 7.2
v -2.13976 -1.47697 8.2
v -1.47697 -2.13976 8.2
v -1.94613 -1.72412 8.2
v -1.72412 -1.94613 8.2
v -1.83848 -1.83848 8.2
v -2.04668 -1.60347 8.2
v -1.60347 -2.04668 8.2
v -2.43104 -0.921973 8.2
v -2.48227 -0.773508 8.2
v -2.30219 -1.20828 8.2
v -2.37094 -1.06707 8.2
v -2.22503 -1.34508 8.2
v -2.52445 -0.622221 8.2
v -2.55741 -0.468663 8.2
v -2.58104 -0.313395 8.2
v -2.59526 -0.156984 8.2
v -1.20828 -2.30219 8.2
v -1.34508 -2.22503 8.2
v -1.06707 -2.37094 8.2
v -0.921973 -2.43104 8.2
v -0.773508 -2.48227 8.2
v -0.622221 -2.52445 8.2
v -0.468663 -2.55741 8.2
v -0.313395 -2.58104 8.2
v -0.156984 -2.59526 8.2
v 0 -2.6 8.2
v -5.5049 0.0896149 0
v -5.49906 0.26875 0
v -5.5049 0.0896149 0.333333
v -5.49906 0.26875 0.333333
v -5.4874 0.4476 0
v -5.46992 0.625975 0
v -5.4874 0.4476 0.333333
v -5.46992 0.625975 0.333333
v -4.83832 0.0787635 1
v -4.83319 0.236207 1
v -4.82294 0.3934 1
v -5.44665 0.803687 0
v -5.4176 0.980548 0
v -5.44665 0.803687 0.333333
v -5.4176 0.980548 0.333333
v -5.38282 1.15637 0
v -5.34233 1.33096 0
v -5.38282 1.15637 0.333333
v -5.34233 1.33096 0.333333
v -4.80758 0.550177 1
v -4.63373 0.678406 1
v -4.52583 0.656062 1
v -4.42118 0.620556 1
v -4.32049 0.572374 1
v -4.2245 0.512005 1
v -4.78712 0.70637 1
v -4.76421 0.847066 1
v -4.76408 0.846685 1
v -4.7636 0.850671 1
v -4.76226 0.857747 1
v -4.72704 0.734757 1
v -4.7616 0.861815 1
v -4.75944 0.87273 1
v -4.74598 0.944034 1
v -4.73391 1.00172 1
v -4.73102 1.01635 1
v -4.72934 1.02359 1
v -4.72653 1.03703 1
v -4.72571 1.0406 1
v -4.72528 1.04109 1
v -4.69543 1.1698 1
v -4.64833 1.13027 1
v -4.65487 1.32202 1
v -4.54062 1.14648 1
v -4.43236 1.12589 1
v -4.32205 1.11873 1
v -4.21059 1.12473 1
v -5.29617 1.50415 0
v -5.24441 1.67574 0
v -5.29617 1.50415 0.333333
v -5.24441 1.67574 0.333333
v -5.18708 1.84556 0
v -5.18708 1.84556 0.333333
v -5.12426 2.01342 0
v -5.12426 2.01342 0.333333
v -5.05601 2.17914 0
v -4.9824 2.34256 0
v -5.05601 2.17914 0.333333
v -4.9824 2.34256 0.333333
v -4.90351 2.50349 0
v -4.81943 2.66177 0
v -4.90351 2.50349 0.333333
v -4.81943 2.66177 0.333333
v -4.60937 1.47283 1
v -4.55899 1.62208 1
v -4.50377 1.76962 1
v -4.44379 1.91527 1
v -4.37909 2.0589 1
v -4.30975 2.20035 1
v -4.23585 2.33946 1
v -4.15746 2.4761 1
v -3.99978 0 1
v -4.01421 0.144295 1
v -4.05698 0.281653 1
v -4.12733 0.406185 1
v -4.09887 1.14362 1
v -3.9686 1.20419 1
v -3.85594 1.29232 1
v -3.76386 1.40286 1
v -3.69532 1.53065 1
v -3.65343 1.66948 1
v -3.64037 1.81275 1
v -3.65771 1.95473 1
v -4.02139 2.40002 1
v -3.93026 2.33808 1
v -3.84716 2.26523 1
v -4.08603 2.48779 1
v -4.07739 2.60577 1
v -4.07545 2.60887 1
v -4.07495 2.60964 1
v -4.0774 2.60567 1
v -4.07466 2.61011 1
v -4.07349 2.61187 1
v -4.02345 2.68838 1
v -3.99635 2.72808 1
v -3.98754 2.74136 1
v -3.9815 2.74985 1
v -3.707 2.08968 1
v -3.77258 2.18218 1
v -3.66411 2.73638 1
v -3.56494 2.68755 1
v -3.45966 2.65044 1
v -3.34922 2.62513 1
v -3.20568 2.63125 1
v -3.06787 2.66956 1
v -2.94051 2.73644 1
v -4.73023 2.81723 0
v -4.63603 2.96971 0
v -4.73023 2.81723 0.333333
v -4.63603 2.96971 0.333333
v -4.53691 3.11904 0
v -4.53691 3.11904 0.333333
v -4.43298 3.26506 0
v -4.32435 3.40762 0
v -4.43298 3.26506 0.333333
v -4.32435 3.40762 0.333333
v -4.21115 3.54657 0
v -4.21115 3.54657 0.333333
v -3.96989 2.76686 1
v -3.96777 2.76984 1
v -3.96699 2.77023 1
v -3.8962 2.8697 1
v -3.86196 2.82307 1
v -3.80073 2.995 1
v -3.75624 2.79683 1
v -3.70123 3.11712 1
v -3.5978 3.23594 1
v -3.49057 3.35134 1
v -4.09347 3.68176 0
v -4.09347 3.68176 0.333333
v -3.97147 3.81305 0
v -3.84525 3.9403 0
v -3.97147 3.81305 0.333333
v -3.84525 3.9403 0.333333
v -3.71496 4.06337 0
v -3.71496 4.06337 0.333333
v -2.82827 2.82827 1
v -3.37963 3.46318 1
v -3.26512 3.57135 1
v -3.14714 3.67573 1
v -3.02583 3.77622 1
v -2.79683 3.75624 1
v -2.90131 3.87271 1
v -2.82297 3.86207 1
v -2.77372 3.9651 1
v -2.76984 3.96777 1
v -2.76987 3.9677 1
v -2.76686 3.96989 1
v -3.58073 4.18214 0
v -3.4427 4.29648 0
v -3.58073 4.18214 0.333333
v -3.4427 4.29648 0.333333
v -3.30103 4.40626 0
v -3.30103 4.40626 0.333333
v -3.15586 4.51137 0
v -3.15586 4.51137 0.333333
v -3.00734 4.6117 0
v -2.85564 4.70715 0
v -3.00734 4.6117 0.333333
v -2.85564 4.70715 0.333333
v -2.6 0 0
v -2.59526 0.156984 0
v -2.58104 0.313395 0
v -2.55741 0.468663 0
v -2.52445 0.622221 0
v -2.48227 0.773508 0
v -2.43104 0.921973 0
v -2.37094 1.06707 0
v -2.30219 1.20828 0
v -2.22503 1.34508 0
v -2.13976 1.47697 0
v -2.04668 1.60347 0
v -1.94613 1.72412 0
v -1.83848 1.83848 0
v -1.72412 1.94613 0
v -1.60347 2.04668 0
v -1.47697 2.13976 0
v -1.34508 2.22503 0
v -1.20828 2.30219 0
v -1.06707 2.37094 0
v -0.921973 2.43104 0
v -0.773508 2.48227 0
v -0.622221 2.52445 0
v -0.468663 2.55741 0
v -0.313395 2.58104 0
v -0.156984 2.59526 0
v 0 2.6 0
v -2.73644 2.94051 1
v -2.66956 3.06787 1
v -2.63125 3.20568 1
v -2.62513 3.34922 1
v -2.68744 3.56504 1
v -2.65032 3.45978 1
v -2.73634 3.66415 1
v -2.68838 4.02345 1
v -2.6559 4.04469 1
v -2.64319 4.05328 1
v -2.63222 4.06018 1
v -2.60887 4.07545 1
v -2.60577 4.07739 1
v -2.60474 4.07747 1
v -2.48765 4.08609 1
v -2.18203 3.77264 1
v -2.08968 3.707 1
v -2.33803 3.93028 1
v -2.26509 3.84722 1
v -2.40002 4.02139 1
v -1.95473 3.65771 1
v -1.81275 3.64037 1
v -1.66948 3.65343 1
v -1.53065 3.69532 1
v -1.40286 3.76386 1
v -2.70091 4.7976 0
v -2.70091 4.7976 0.333333
v -2.50985 4.13717 1
v -2.37386 4.21667 1
v -2.23535 4.2917 1
v -2.09447 4.36219 1
v -2.54332 4.88297 0
v -2.54332 4.88297 0.333333
v -2.38303 4.96317 0
v -2.22022 5.03811 0
v -2.38303 4.96317 0.333333
v -2.22022 5.03811 0.333333
v -1.95138 4.42805 1
v -1.80621 4.48922 1
v -1.65913 4.54563 1
v -1.51029 4.59723 1
v -2.05506 5.10771 0
v -2.05506 5.10771 0.333333
v -1.88771 5.17189 0
v -1.88771 5.17189 0.333333
v -1.71837 5.23059 0
v -1.5472 5.28375 0
v -1.71837 5.23059 0.333333
v -1.5472 5.28375 0.333333
v -1.29232 3.85594 1
v -1.20419 3.9686 1
v -1.14362 4.09887 1
v -0.406185 4.12733 1
v -0.281653 4.05698 1
v -0.144295 4.01421 1
v 0 3.99978 1
v -1.12458 4.21065 1
v -1.11859 4.32211 1
v -1.12584 4.43239 1
v -1.35986 4.64395 1
v -1.20798 4.68576 1
v -1.14648 4.54062 1
v -1.13013 4.64839 1
v -1.05482 4.72259 1
v -1.03703 4.72653 1
v -1.0406 4.72571 1
v -1.04088 4.72547 1
v -0.944034 4.74598 1
v -0.913962 4.75165 1
v -0.90054 4.75442 1
v -0.885891 4.75695 1
v -0.850671 4.7636 1
v -0.847066 4.76421 1
v -0.845967 4.76384 1
v -0.734606 4.72704 1
v -0.745308 4.78122 1
v -1.3744 5.33132 0
v -1.20014 5.37323 0
v -1.3744 5.33132 0.333333
v -1.20014 5.37323 0.333333
v -1.02461 5.40944 0
v -0.84799 5.43993 0
v -1.02461 5.40944 0.333333
v -0.84799 5.43993 0.333333
v -0.620405 4.42118 1
v -0.572206 4.32049 1
v -0.512005 4.2245 1
v -0.656007 4.52583 1
v -0.678406 4.63373 1
v -0.589286 4.80294 1
v -0.670473 5.46465 0
v -0.492245 5.48358 0
v -0.670473 5.46465 0.333333
v -0.492245 5.48358 0.333333
v -0.313496 5.49669 0
v -0.134415 5.50398 0
v -0.313496 5.49669 0.333333
v -0.134415 5.50398 0.333333
v -0.43264 4.81958 1
v -0.275535 4.83111 1
v -0.118139 4.83752 1
v -4.83832 0.0787635 7.2
v -4.83319 0.236207 7.2
v -4.82294 0.3934 7.2
v -5.5049 0.0896149 7.86667
v -5.49906 0.26875 7.86667
v -5.5049 0.0896149 8.2
v -5.49906 0.26875 8.2
v -5.4874 0.4476 7.86667
v -5.46992 0.625975 7.86667
v -5.4874 0.4476 8.2
v -5.46992 0.625975 8.2
v -5.44665 0.803687 7.86667
v -5.4176 0.980548 7.86667
v -5.44665 0.803687 8.2
v -5.4176 0.980548 8.2
v -5.38282 1.15637 7.86667
v -5.34233 1.33096 7.86667
v -5.38282 1.15637 8.2
v -5.34233 1.33096 8.2
v -4.80758 0.550177 7.2
v -4.63373 0.678406 7.2
v -4.52583 0.656062 7.2
v -4.42118 0.620556 7.2
v -4.32049 0.572374 7.2
v -4.2245 0.512005 7.2
v -4.78712 0.70637 7.2
v -4.76421 0.847066 7.2
v -4.76408 0.846685 7.2
v -4.7636 0.850671 7.2
v -4.76226 0.857747 7.2
v -4.72704 0.734757 7.2
v -4.7616 0.861815 7.2
v -4.75944 0.87273 7.2
v -4.74598 0.944034 7.2
v -4.73391 1.00172 7.2
v -4.73102 1.01635 7.2
v -4.72934 1.02359 7.2
v -4.72653 1.03703 7.2
v -4.72571 1.0406 7.2
v -4.72528 1.04109 7.2
v -4.69543 1.1698 7.2
v -4.64833 1.13027 7.2
v -4.65487 1.32202 7.2
v -4.54062 1.14648 7.2
v -4.43236 1.12589 7.2
v -4.32205 1.11873 7.2
v -4.21059 1.12473 7.2
v -5.29617 1.50415 7.86667
v -5.24441 1.67574 7.86667
v -5.29617 1.50415 8.2
v -5.24441 1.67574 8.2
v -5.18708 1.84556 7.86667
v -5.18708 1.84556 8.2
v -5.12426 2.01342 7.86667
v -5.12426 2.01342 8.2
v -5.05601 2.17914 7.86667
v -4.9824 2.34256 7.86667
v -5.05601 2.17914 8.2
v -4.9824 2.34256 8.2
v -4.90351 2.50349 7.86667
v -4.81943 2.66177 7.86667
v -4.90351 2.50349 8.2
v -4.81943 2.66177 8.2
v -4.60937 1.47283 7.2
v -4.55899 1.62208 7.2
v -4.50377 1.76962 7.2
v -4.44379 1.91527 7.2
v -4.37909 2.0589 7.2
v -4.30975 2.20035 7.2
v -4.23585 2.33946 7.2
v -4.15746 2.4761 7.2
v -3.99978 0 7.2
v -4.01421 0.144295 7.2
v -4.05698 0.281653 7.2
v -4.12733 0.406185 7.2
v -4.09887 1.14362 7.2
v -3.9686 1.20419 7.2
v -3.85594 1.29232 7.2
v -3.76386 1.40286 7.2
v -3.69532 1.53065 7.2
v -3.65343 1.66948 7.2
v -3.64037 1.81275 7.2
v -3.65771 1.95473 7.2
v -4.02139 2.40002 7.2
v -3.93026 2.33808 7.2
v -3.84716 2.26523 7.2
v -4.08603 2.48779 7.2
v -4.07739 2.60577 7.2
v -4.07545 2.60887 7.2
v -4.0774 2.60567 7.2
v -4.07495 2.60964 7.2
v -4.07466 2.61011 7.2
v -4.07349 2.61187 7.2
v -4.02345 2.68838 7.2
v -3.99635 2.72808 7.2
v -3.98754 2.74136 7.2
v -3.9815 2.74985 7.2
v -3.707 2.08968 7.2
v -3.77258 2.18218 7.2
v -3.66411 2.73638 7.2
v -3.56494 2.68755 7.2
v -3.45966 2.65044 7.2
v -3.34922 2.62513 7.2
v -3.20568 2.63125 7.2
v -3.06787 2.66956 7.2
v -2.94051 2.73644 7.2
v -4.73023 2.81723 7.86667
v -4.63603 2.96971 7.86667
v -4.73023 2.81723 8.2
v -4.63603 2.96971 8.2
v -4.53691 3.11904 7.86667
v -4.53691 3.11904 8.2
v -4.43298 3.26506 7.86667
v -4.32435 3.40762 7.86667
v -4.43298 3.26506 8.2
v -4.32435 3.40762 8.2
v -4.21115 3.54657 7.86667
v -4.21115 3.54657 8.2
v -3.96989 2.76686 7.2
v -3.96777 2.76984 7.2
v -3.96699 2.77023 7.2
v -3.8962 2.8697 7.2
v -3.86196 2.82307 7.2
v -3.80073 2.995 7.2
v -3.75624 2.79683 7.2
v -3.70123 3.11712 7.2
v -3.5978 3.23594 7.2
v -3.49057 3.35134 7.2
v -4.09347 3.68176 7.86667
v -4.09347 3.68176 8.2
v -3.97147 3.81305 7.86667
v -3.84525 3.9403 7.86667
v -3.97147 3.81305 8.2
v -3.84525 3.9403 8.2
v -3.71496 4.06337 7.86667
v -3.71496 4.06337 8.2
v -2.82827 2.82827 7.2
v -3.37963 3.46318 7.2
v -3.26512 3.57135 7.2
v -3.14714 3.67573 7.2
v -3.02583 3.77622 7.2
v -2.79683 3.75624 7.2
v -2.90131 3.87271 7.2
v -2.82297 3.86207 7.2
v -2.77372 3.9651 7.2
v -2.76984 3.96777 7.2
v -2.76987 3.9677 7.2
v -2.76686 3.96989 7.2
v -3.58073 4.18214 7.86667
v -3.4427 4.29648 7.86667
v -3.58073 4.18214 8.2
v -3.4427 4.29648 8.2
v -3.30103 4.40626 7.86667
v -3.30103 4.40626 8.2
v -3.15586 4.51137 7.86667
v -3.15586 4.51137 8.2
v -3.00734 4.6117 7.86667
v -2.85564 4.70715 7.86667
v -3.00734 4.6117 8.2
v -2.85564 4.70715 8.2
v -2.6 0 8.2
v -2.59526 0.156984 8.2
v -2.58104 0.313395 8.2
v -2.55741 0.468663 8.2
v -2.52445 0.622221 8.2
v -2.48227 0.773508 8.2
v -2.43104 0.921973 8.2
v -2.37094 1.06707 8.2
v -2.30219 1.20828 8.2
v -2.22503 1.34508 8.2
v -2.13976 1.47697 8.2
v -2.04668 1.60347 8.2
v -1.94613 1.72412 8.2
v -1.83848 1.83848 8.2
v -1.72412 1.94613 8.2
v -1.60347 2.04668 8.2
v -1.47697 2.13976 8.2
v -1.34508 2.22503 8.2
v -1.20828 2.30219 8.2
v -1.06707 2.37094 8.2
v -0.921973 2.43104 8.2
v -0.773508 2.48227 8.2
v -0.622221 2.52445 8.2
v -0.468663 2.55741 8.2
v -0.313395 2.58104 8.2
v -0.156984 2.59526 8.2
v 0 2.6 8.2
v -2.73644 2.94051 7.2
v -2.66956 3.06787 7.2
v -2.63125 3.20568 7.2
v -2.62513 3.34922 7.2
v -2.68744 3.56504 7.2
v -2.65032 3.45978 7.2
v -2.73634 3.66415 7.2
v -2.68838 4.02345 7.2
v -2.6559 4.04469 7.2
v -2.64319 4.05328 7.2
v -2.63222 4.06018 7.2
v -2.60887 4.07545 7.2
v -2.60577 4.07739 7.2
v -2.60474 4.07747 7.2
v -2.48765 4.08609 7.2
v -2.18203 3.77264 7.2
v -2.08968 3.707 7.2
v -2.33803 3.93028 7.2
v -2.26509 3.84722 7.2
v -2.40002 4.02139 7.2
v -1.95473 3.65771 7.2
v -1.81275 3.64037 7.2
v -1.66948 3.65343 7.2
v -1.53065 3.69532 7.2
v -1.40286 3.76386 7.2
v -2.50985 4.13717 7.2
v -2.37386 4.21667 7.2
v -2.23535 4.2917 7.2
v -2.09447 4.36219 7.2
v -2.70091 4.7976 7.86667
v -2.70091 4.7976 8.2
v -2.54332 4.88297 7.86667
v -2.54332 4.88297 8.2
v -2.38303 4.96317 7.86667
v -2.22022 5.03811 7.86667
v -2.38303 4.96317 8.2
v -2.22022 5.03811 8.2
v -1.95138 4.42805 7.2
v -1.80621 4.48922 7.2
v -1.65913 4.54563 7.2
v -1.51029 4.59723 7.2
v -2.05506 5.10771 7.86667
v -2.05506 5.10771 8.2
v -1.88771 5.17189 7.86667
v -1.88771 5.17189 8.2
v -1.71837 5.23059 7.86667
v -1.5472 5.28375 7.86667
v -1.71837 5.23059 8.2
v -1.5472 5.28375 8.2
v -1.29232 3.85594 7.2
v -1.20419 3.9686 7.2
v -1.14362 4.09887 7.2
v -0.406185 4.12733 7.2
v -0.281653 4.05698 7.2
v -0.144295 4.01421 7.2
v 0 3.99978 7.2
v -1.12458 4.21065 7.2
v -1.11859 4.32211 7.2
v -1.12584 4.43239 7.2
v -1.35986 4.64395 7.2
v -1.20798 4.68576 7.2
v -1.14648 4.54062 7.2
v -1.13013 4.64839 7.2
v -1.05482 4.72259 7.2
v -1.03703 4.72653 7.2
v -1.0406 4.72571 7.2
v -1.04088 4.72547 7.2
v -0.944034 4.74598 7.2
v -0.913962 4.75165 7.2
v -0.90054 4.75442 7.2
v -0.885891 4.75695 7.2
v -0.850671 4.7636 7.2
v -0.847066 4.76421 7.2
v -0.845967 4.76384 7.2
v -0.734606 4.72704 7.2
v -0.745308 4.78122 7.2
v -1.3744 5.33132 7.86667
v -1.20014 5.37323 7.86667
v -1.3744 5.33132 8.2
v -1.20014 5.37323 8.2
v -1.02461 5.40944 7.86667
v -0.84799 5.43993 7.86667
v -1.02461 5.40944 8.2
v -0.84799 5.43993 8.2
v -0.620405 4.42118 7.2
v -0.572206 4.32049 7.2
v -0.512005 4.2245 7.2
v -0.656007 4.52583 7.2
v -0.678406 4.63373 7.2
v -0.589286 4.80294 7.2
v -0.43264 4.81958 7.2
v -0.275535 4.83111 7.2
v -0.118139 4.83752 7.2
v -0.670473 5.46465 7.86667
v -0.492245 5.48358 7.86667
v -0.670473 5.46465 8.2
v -0.492245 5.48358 8.2
v -0.313496 5.49669 7.86667
v -0.134415 5.50398 7.86667
v -0.313496 5.49669 8.2
v -0.134415 5.50398 8.2
v 0.0448089 -5.50544 0
v 0.223985 -5.50107 0
v 0.0448089 -5.50544 0.333333
v 0.223985 -5.50107 0.333333
v 0.402924 -5.49086 0
v 0.581436 -5.47484 0
v 0.402924 -5.49086 0.333333
v 0.581436 -5.47484 0.333333
v 0.0393831 -4.8388 1
v 0.196863 -4.83495 1
v 0.354135 -4.82598 1
v 0.511031 -4.8119 1
v 0.667386 -4.79271 1
v 0.678406 -4.63373 1
v 0.656007 -4.52583 1
v 0.512005 -4.2245 1
v 0.572206 -4.32049 1
v 0.620405 -4.42118 1
v 0.759332 -5.45301 0
v 0.936423 -5.4254 0
v 0.759332 -5.45301 0.333333
v 0.936423 -5.4254 0.333333
v 1.11252 -5.39205 0
v 1.28744 -5.35298 0
v 1.11252 -5.39205 0.333333
v 1.28744 -5.35298 0.333333
v 0.734606 -4.72704 1
v 0.823033 -4.76845 1
v 0.847066 -4.76421 1
v 0.846476 -4.76401 1
v 0.850671 -4.7636 1
v 0.944034 -4.74598 1
v 0.966642 -4.74125 1
v 0.977808 -4.73914 1
v 0.993302 -4.73568 1
v 1.03703 -4.72653 1
v 1.0406 -4.72571 1
v 1.04153 -4.7249 1
v 1.13155 -4.7048 1
v 1.13013 -4.64839 1
v 1.14648 -4.54062 1
v 1.28409 -4.66547 1
v 1.11859 -4.32211 1
v 1.12584 -4.43239 1
v 1.12458 -4.21065 1
v 0.144295 -4.01421 1
v 0.281653 -4.05698 1
v 0.406185 -4.12733 1
v 1.14362 -4.09887 1
v 1.20419 -3.9686 1
v 1.29232 -3.85594 1
v 1.461 -5.30824 0
v 1.633 -5.25787 0
v 1.461 -5.30824 0.333333
v 1.633 -5.25787 0.333333
v 1.80328 -5.20193 0
v 1.80328 -5.20193 0.333333
v 1.97164 -5.14048 0
v 1.97164 -5.14048 0.333333
v 1.43527 -4.6212 1
v 1.58492 -4.57204 1
v 1.7329 -4.51803 1
v 1.87904 -4.45923 1
v 2.02319 -4.3957 1
v 2.13792 -5.07358 0
v 2.30193 -5.0013 0
v 2.13792 -5.07358 0.333333
v 2.30193 -5.0013 0.333333
v 2.4635 -4.92372 0
v 2.62246 -4.84093 0
v 2.4635 -4.92372 0.333333
v 2.62246 -4.84093 0.333333
v 2.1652 -4.32752 1
v 2.30491 -4.25475 1
v 2.44218 -4.17747 1
v 1.40286 -3.76386 1
v 1.53065 -3.69532 1
v 1.66948 -3.65343 1
v 1.81275 -3.64037 1
v 1.95473 -3.65771 1
v 2.40002 -4.02139 1
v 2.26509 -3.84722 1
v 2.33803 -3.93028 1
v 2.08968 -3.707 1
v 2.18203 -3.77264 1
v 2.48765 -4.08609 1
v 2.57686 -4.09577 1
v 2.60577 -4.07739 1
v 2.60887 -4.07545 1
v 2.60494 -4.07746 1
v 2.68838 -4.02345 1
v 2.70167 -4.01438 1
v 2.70881 -4.00972 1
v 2.72152 -4.00083 1
v 2.73634 -3.66415 1
v 2.65032 -3.45978 1
v 2.68744 -3.56504 1
v 2.62513 -3.34922 1
v 2.63125 -3.20568 1
v 2.66956 -3.06787 1
v 2.73644 -2.94051 1
v 0.156984 -2.59526 0
v 0.313395 -2.58104 0
v 0.468663 -2.55741 0
v 0.622221 -2.52445 0
v 0.773508 -2.48227 0
v 0.921973 -2.43104 0
v 1.06707 -2.37094 0
v 1.20828 -2.30219 0
v 1.34508 -2.22503 0
v 1.47697 -2.13976 0
v 1.60347 -2.04668 0
v 1.72412 -1.94613 0
v 1.83848 -1.83848 0
v 1.94613 -1.72412 0
v 2.04668 -1.60347 0
v 2.13976 -1.47697 0
v 2.22503 -1.34508 0
v 2.30219 -1.20828 0
v 2.37094 -1.06707 0
v 2.43104 -0.921973 0
v 2.48227 -0.773508 0
v 2.52445 -0.622221 0
v 2.55741 -0.468663 0
v 2.58104 -0.313395 0
v 2.59526 -0.156984 0
v 2.77864 -4.753 0
v 2.93188 -4.66004 0
v 3.08201 -4.56214 0
v 2.77864 -4.753 0.333333
v 2.93188 -4.66004 0.333333
v 3.08201 -4.56214 0.333333
v 3.22887 -4.45941 0
v 3.37231 -4.35194 0
v 3.22887 -4.45941 0.333333
v 3.37231 -4.35194 0.333333
v 3.51218 -4.23987 0
v 3.51218 -4.23987 0.333333
v 2.76686 -3.96989 1
v 2.76984 -3.96777 1
v 2.77041 -3.96663 1
v 2.83789 -3.91942 1
v 2.82297 -3.86207 1
v 2.96396 -3.82497 1
v 2.79683 -3.75624 1
v 3.0869 -3.72647 1
v 3.20655 -3.62402 1
v 3.32282 -3.51773 1
v 2.82827 -2.82827 1
v 3.43556 -3.40771 1
v 3.64832 -4.1233 0
v 3.7806 -4.00237 0
v 3.64832 -4.1233 0.333333
v 3.7806 -4.00237 0.333333
v 3.90887 -3.87719 0
v 3.90887 -3.87719 0.333333
v 4.033 -3.7479 0
v 4.033 -3.7479 0.333333
v 3.54466 -3.29408 1
v 3.65 -3.17695 1
v 3.75147 -3.05646 1
v 3.75624 -2.79683 1
v 3.84897 -2.93274 1
v 3.86196 -2.82307 1
v 3.94239 -2.8059 1
v 3.96777 -2.76984 1
v 3.96687 -2.77029 1
v 3.96989 -2.76686 1
v 4.15286 -3.61464 0
v 4.26832 -3.47756 0
v 4.15286 -3.61464 0.333333
v 4.26832 -3.47756 0.333333
v 4.37925 -3.33678 0
v 4.37925 -3.33678 0.333333
v 4.48554 -3.19247 0
v 4.48554 -3.19247 0.333333
v 4.58707 -3.04478 0
v 4.68375 -2.89385 0
v 4.58707 -3.04478 0.333333
v 4.68375 -2.89385 0.333333
v 2.94051 -2.73644 1
v 3.06787 -2.66956 1
v 3.20568 -2.63125 1
v 3.34922 -2.62513 1
v 3.45966 -2.65044 1
v 3.56494 -2.68755 1
v 3.66411 -2.73638 1
v 3.77258 -2.18218 1
v 3.707 -2.08968 1
v 4.02345 -2.68838 1
v 4.02862 -2.68047 1
v 4.03163 -2.67609 1
v 4.03858 -2.66525 1
v 4.07545 -2.60887 1
v 4.07739 -2.60577 1
v 4.07749 -2.60451 1
v 4.1166 -2.54344 1
v 4.08603 -2.48779 1
v 3.84716 -2.26523 1
v 3.93026 -2.33808 1
v 4.02139 -2.40002 1
v 3.65771 -1.95473 1
v 3.64037 -1.81275 1
v 3.65343 -1.66948 1
v 3.69532 -1.53065 1
v 3.76386 -1.40286 1
v 3.85594 -1.29232 1
v 3.9686 -1.20419 1
v 4.09887 -1.14362 1
v 4.12733 -0.406185 1
v 4.05698 -0.281653 1
v 4.01421 -0.144295 1
v 4.77546 -2.73987 0
v 4.77546 -2.73987 0.333333
v 4.19721 -2.4081 1
v 4.27337 -2.27021 1
v 4.345 -2.12991 1
v 4.41202 -1.98735 1
v 4.47437 -1.84269 1
v 4.53198 -1.69607 1
v 4.58479 -1.54766 1
v 4.63273 -1.39761 1
v 4.86211 -2.58298 0
v 4.94361 -2.42335 0
v 4.86211 -2.58298 0.333333
v 4.94361 -2.42335 0.333333
v 5.01987 -2.26115 0
v 5.09081 -2.09656 0
v 5.01987 -2.26115 0.333333
v 5.09081 -2.09656 0.333333
v 5.15636 -1.92974 0
v 5.15636 -1.92974 0.333333
v 5.21644 -1.76088 0
v 5.21644 -1.76088 0.333333
v 5.27099 -1.59016 0
v 5.31995 -1.41775 0
v 5.27099 -1.59016 0.333333
v 5.31995 -1.41775 0.333333
v 4.21059 -1.12473 1
v 4.32205 -1.11873 1
v 4.43236 -1.12589 1
v 4.54062 -1.14648 1
v 4.67577 -1.24607 1
v 4.64833 -1.13027 1
v 4.71385 -1.09322 1
v 4.72653 -1.03703 1
v 4.72571 -1.0406 1
v 4.72497 -1.04145 1
v 4.74694 -0.939205 1
v 4.74598 -0.944034 1
v 4.74655 -0.940992 1
v 4.74803 -0.933175 1
v 4.72704 -0.734757 1
v 4.7636 -0.850671 1
v 4.76421 -0.847066 1
v 4.76382 -0.845908 1
v 4.77499 -0.784196 1
v 4.2245 -0.512005 1
v 4.32049 -0.572374 1
v 4.42118 -0.620556 1
v 4.52583 -0.656062 1
v 4.63373 -0.678406 1
v 4.79799 -0.628357 1
v 4.8159 -0.471851 1
v 5.36328 -1.24383 0
v 5.40093 -1.0686 0
v 5.36328 -1.24383 0.333333
v 5.40093 -1.0686 0.333333
v 5.43285 -0.892236 0
v 5.45901 -0.714926 0
v 5.43285 -0.892236 0.333333
v 5.45901 -0.714926 0.333333
v 5.47939 -0.536858 0
v 5.49396 -0.358222 0
v 5.47939 -0.536858 0.333333
v 5.49396 -0.358222 0.333333
v 5.50271 -0.179206 0
v 5.50271 -0.179206 0.333333
v 4.8287 -0.314846 1
v 4.83639 -0.157506 1
v 0.0393831 -4.8388 7.2
v 0.196863 -4.83495 7.2
v 0.354135 -4.82598 7.2
v 0.0448089 -5.50544 7.86667
v 0.223985 -5.50107 7.86667
v 0.0448089 -5.50544 8.2
v 0.223985 -5.50107 8.2
v 0.402924 -5.49086 7.86667
v 0.581436 -5.47484 7.86667
v 0.402924 -5.49086 8.2
v 0.581436 -5.47484 8.2
v 0.511031 -4.8119 7.2
v 0.667386 -4.79271 7.2
v 0.678406 -4.63373 7.2
v 0.656007 -4.52583 7.2
v 0.512005 -4.2245 7.2
v 0.572206 -4.32049 7.2
v 0.620405 -4.42118 7.2
v 0.759332 -5.45301 7.86667
v 0.936423 -5.4254 7.86667
v 0.759332 -5.45301 8.2
v 0.936423 -5.4254 8.2
v 1.11252 -5.39205 7.86667
v 1.28744 -5.35298 7.86667
v 1.11252 -5.39205 8.2
v 1.28744 -5.35298 8.2
v 0.734606 -4.72704 7.2
v 0.823033 -4.76845 7.2
v 0.847066 -4.76421 7.2
v 0.846476 -4.76401 7.2
v 0.850671 -4.7636 7.2
v 0.944034 -4.74598 7.2
v 0.966642 -4.74125 7.2
v 0.977808 -4.73914 7.2
v 0.993302 -4.73568 7.2
v 1.03703 -4.72653 7.2
v 1.0406 -4.72571 7.2
v 1.04153 -4.7249 7.2
v 1.13155 -4.7048 7.2
v 1.13013 -4.64839 7.2
v 1.14648 -4.54062 7.2
v 1.28409 -4.66547 7.2
v 1.11859 -4.32211 7.2
v 1.12584 -4.43239 7.2
v 1.12458 -4.21065 7.2
v 0.144295 -4.01421 7.2
v 0.281653 -4.05698 7.2
v 0.406185 -4.12733 7.2
v 1.14362 -4.09887 7.2
v 1.20419 -3.9686 7.2
v 1.29232 -3.85594 7.2
v 1.461 -5.30824 7.86667
v 1.633 -5.25787 7.86667
v 1.461 -5.30824 8.2
v 1.633 -5.25787 8.2
v 1.80328 -5.20193 7.86667
v 1.80328 -5.20193 8.2
v 1.97164 -5.14048 7.86667
v 1.97164 -5.14048 8.2
v 1.43527 -4.6212 7.2
v 1.58492 -4.57204 7.2
v 1.7329 -4.51803 7.2
v 1.87904 -4.45923 7.2
v 2.02319 -4.3957 7.2
v 2.13792 -5.07358 7.86667
v 2.30193 -5.0013 7.86667
v 2.13792 -5.07358 8.2
v 2.30193 -5.0013 8.2
v 2.4635 -4.92372 7.86667
v 2.62246 -4.84093 7.86667
v 2.4635 -4.92372 8.2
v 2.62246 -4.84093 8.2
v 2.1652 -4.32752 7.2
v 2.30491 -4.25475 7.2
v 2.44218 -4.17747 7.2
v 1.40286 -3.76386 7.2
v 1.53065 -3.69532 7.2
v 1.66948 -3.65343 7.2
v 1.81275 -3.64037 7.2
v 1.95473 -3.65771 7.2
v 2.40002 -4.02139 7.2
v 2.26509 -3.84722 7.2
v 2.33803 -3.93028 7.2
v 2.08968 -3.707 7.2
v 2.18203 -3.77264 7.2
v 2.48765 -4.08609 7.2
v 2.57686 -4.09577 7.2
v 2.60577 -4.07739 7.2
v 2.60887 -4.07545 7.2
v 2.60494 -4.07746 7.2
v 2.68838 -4.02345 7.2
v 2.70167 -4.01438 7.2
v 2.70881 -4.00972 7.2
v 2.72152 -4.00083 7.2
v 2.73634 -3.66415 7.2
v 2.65032 -3.45978 7.2
v 2.68744 -3.56504 7.2
v 2.62513 -3.34922 7.2
v 2.63125 -3.20568 7.2
v 2.66956 -3.06787 7.2
v 2.73644 -2.94051 7.2
v 0.156984 -2.59526 8.2
v 0.313395 -2.58104 8.2
v 0.468663 -2.55741 8.2
v 0.622221 -2.52445 8.2
v 0.773508 -2.48227 8.2
v 0.921973 -2.43104 8.2
v 1.06707 -2.37094 8.2
v 1.20828 -2.30219 8.2
v 1.34508 -2.22503 8.2
v 1.47697 -2.13976 8.2
v 1.60347 -2.04668 8.2
v 1.72412 -1.94613 8.2
v 1.83848 -1.83848 8.2
v 1.94613 -1.72412 8.2
v 2.04668 -1.60347 8.2
v 2.13976 -1.47697 8.2
v 2.22503 -1.34508 8.2
v 2.30219 -1.20828 8.2
v 2.37094 -1.06707 8.2
v 2.43104 -0.921973 8.2
v 2.48227 -0.773508 8.2
v 2.52445 -0.622221 8.2
v 2.55741 -0.468663 8.2
v 2.58104 -0.313395 8.2
v 2.59526 -0.156984 8.2
v 2.77864 -4.753 7.86667
v 2.93188 -4.66004 7.86667
v 3.08201 -4.56214 7.86667
v 2.77864 -4.753 8.2
v 2.93188 -4.66004 8.2
v 3.08201 -4.56214 8.2
v 3.22887 -4.45941 7.86667
v 3.37231 -4.35194 7.86667
v 3.22887 -4.45941 8.2
v 3.37231 -4.35194 8.2
v 3.51218 -4.23987 7.86667
v 3.51218 -4.23987 8.2
v 2.76686 -3.96989 7.2
v 2.76984 -3.96777 7.2
v 2.77041 -3.96663 7.2
v 2.83789 -3.91942 7.2
v 2.82297 -3.86207 7.2
v 2.96396 -3.82497 7.2
v 2.79683 -3.75624 7.2
v 3.0869 -3.72647 7.2
v 3.20655 -3.62402 7.2
v 3.32282 -3.51773 7.2
v 2.82827 -2.82827 7.2
v 3.43556 -3.40771 7.2
v 3.64832 -4.1233 7.86667
v 3.7806 -4.00237 7.86667
v 3.64832 -4.1233 8.2
v 3.7806 -4.00237 8.2
v 3.90887 -3.87719 7.86667
v 3.90887 -3.87719 8.2
v 4.033 -3.7479 7.86667
v 4.033 -3.7479 8.2
v 3.54466 -3.29408 7.2
v 3.65 -3.17695 7.2
v 3.75147 -3.05646 7.2
v 3.75624 -2.79683 7.2
v 3.84897 -2.93274 7.2
v 3.86196 -2.82307 7.2
v 3.94239 -2.8059 7.2
v 3.96777 -2.76984 7.2
v 3.96687 -2.77029 7.2
v 3.96989 -2.76686 7.2
v 4.15286 -3.61464 7.86667
v 4.26832 -3.47756 7.86667
v 4.15286 -3.61464 8.2
v 4.26832 -3.47756 8.2
v 4.37925 -3.33678 7.86667
v 4.37925 -3.33678 8.2
v 4.48554 -3.19247 7.86667
v 4.48554 -3.19247 8.2
v 4.58707 -3.04478 7.86667
v 4.68375 -2.89385 7.86667
v 4.58707 -3.04478 8.2
v 4.68375 -2.89385 8.2
v 2.94051 -2.73644 7.2
v 3.06787 -2.66956 7.2
v 3.20568 -2.63125 7.2
v 3.34922 -2.62513 7.2
v 3.45966 -2.65044 7.2
v 3.56494 -2.68755 7.2
v 3.66411 -2.73638 7.2
v 3.77258 -2.18218 7.2
v 3.707 -2.08968 7.2
v 4.02345 -2.68838 7.2
v 4.02862 -2.68047 7.2
v 4.03163 -2.67609 7.2
v 4.03858 -2.66525 7.2
v 4.07545 -2.60887 7.2
v 4.07739 -2.60577 7.2
v 4.07749 -2.60451 7.2
v 4.1166 -2.54344 7.2
v 4.08603 -2.48779 7.2
v 3.84716 -2.26523 7.2
v 3.93026 -2.33808 7.2
v 4.02139 -2.40002 7.2
v 3.65771 -1.95473 7.2
v 3.64037 -1.81275 7.2
v 3.65343 -1.66948 7.2
v 3.69532 -1.53065 7.2
v 3.76386 -1.40286 7.2
v 3.85594 -1.29232 7.2
v 3.9686 -1.20419 7.2
v 4.09887 -1.14362 7.2
v 4.12733 -0.406185 7.2
v 4.05698 -0.281653 7.2
v 4.01421 -0.144295 7.2
v 4.19721 -2.4081 7.2
v 4.27337 -2.27021 7.2
v 4.345 -2.12991 7.2
v 4.77546 -2.73987 7.86667
v 4.77546 -2.73987 8.2
v 4.41202 -1.98735 7.2
v 4.47437 -1.84269 7.2
v 4.53198 -1.69607 7.2
v 4.58479 -1.54766 7.2
v 4.63273 -1.39761 7.2
v 4.86211 -2.58298 7.86667
v 4.94361 -2.42335 7.86667
v 4.86211 -2.58298 8.2
v 4.94361 -2.42335 8.2
v 5.01987 -2.26115 7.86667
v 5.09081 -2.09656 7.86667
v 5.01987 -2.26115 8.2
v 5.09081 -2.09656 8.2
v 5.15636 -1.92974 7.86667
v 5.15636 -1.92974 8.2
v 5.21644 -1.76088 7.86667
v 5.21644 -1.76088 8.2
v 5.27099 -1.59016 7.86667
v 5.31995 -1.41775 7.86667
v 5.27099 -1.59016 8.2
v 5.31995 -1.41775 8.2
v 4.21059 -1.12473 7.2
v 4.32205 -1.11873 7.2
v 4.43236 -1.12589 7.2
v 4.54062 -1.14648 7.2
v 4.67577 -1.24607 7.2
v 4.64833 -1.13027 7.2
v 4.71385 -1.09322 7.2
v 4.72653 -1.03703 7.2
v 4.72571 -1.0406 7.2
v 4.72497 -1.04145 7.2
v 4.74694 -0.939205 7.2
v 4.74598 -0.944034 7.2
v 4.74655 -0.940992 7.2
v 4.74803 -0.933175 7.2
v 4.72704 -0.734757 7.2
v 4.7636 -0.850671 7.2
v 4.76421 -0.847066 7.2
v 4.76382 -0.845908 7.2
v 4.77499 -0.784196 7.2
v 4.2245 -0.512005 7.2
v 4.32049 -0.572374 7.2
v 4.42118 -0.620556 7.2
v 4.52583 -0.656062 7.2
v 4.63373 -0.678406 7.2
v 4.79799 -0.628357 7.2
v 4.8159 -0.471851 7.2
v 5.36328 -1.24383 7.86667
v 5.40093 -1.0686 7.86667
v 5.36328 -1.24383 8.2
v 5.40093 -1.0686 8.2
v 5.43285 -0.892236 7.86667
v 5.45901 -0.714926 7.86667
v 5.43285 -0.892236 8.2
v 5.45901 -0.714926 8.2
v 4.8287 -0.314846 7.2
v 4.83639 -0.157506 7.2
v 5.47939 -0.536858 7.86667
v 5.49396 -0.358222 7.86667
v 5.47939 -0.536858 8.2
v 5.49396 -0.358222 8.2
v 5.50271 -0.179206 7.86667
v 5.50271 -0.179206 8.2
v 0.156984 2.59526 0
v 0.313395 2.58104 0
v 0.468663 2.55741 0
v 0.622221 2.52445 0
v 0.773508 2.48227 0
v 0.921973 2.43104 0
v 1.06707 2.37094 0
v 1.34508 2.22503 0
v 1.20828 2.30219 0
v 2.6 0 0
v 2.59526 0.156984 0
v 2.58104 0.313395 0
v 2.55741 0.468663 0
v 2.52445 0.622221 0
v 2.22503 1.34508 0
v 2.37094 1.06707 0
v 2.30219 1.20828 0
v 2.48227 0.773508 0
v 2.43104 0.921973 0
v 1.60347 2.04668 0
v 2.04668 1.60347 0
v 1.83848 1.83848 0
v 1.72412 1.94613 0
v 1.94613 1.72412 0
v 1.47697 2.13976 0
v 2.13976 1.47697 0
v 0.144295 4.01421 1
v 0.281653 4.05698 1
v 0.406185 4.12733 1
v 1.20419 3.9686 1
v 1.14362 4.09887 1
v 1.29232 3.85594 1
v 0.512005 4.2245 1
v 0.572374 4.32049 1
v 0.620556 4.42118 1
v 0.511031 4.8119 1
v 0.656062 4.52583 1
v 0.678406 4.63373 1
v 0.667386 4.79271 1
v 0.0448089 5.50544 0
v 0.223985 5.50107 0
v 0.0448089 5.50544 0.333333
v 0.223985 5.50107 0.333333
v 0.402924 5.49086 0
v 0.581436 5.47484 0
v 0.402924 5.49086 0.333333
v 0.581436 5.47484 0.333333
v 0.0393831 4.8388 1
v 0.196863 4.83495 1
v 0.354135 4.82598 1
v 0.734757 4.72704 1
v 0.823033 4.76845 1
v 0.847066 4.76421 1
v 0.846477 4.76401 1
v 0.850671 4.7636 1
v 0.944034 4.74598 1
v 0.966642 4.74125 1
v 0.977808 4.73914 1
v 0.993302 4.73568 1
v 1.12473 4.21059 1
v 1.11873 4.32205 1
v 1.12589 4.43236 1
v 1.14648 4.54062 1
v 1.03703 4.72653 1
v 1.0406 4.72571 1
v 1.04153 4.7249 1
v 1.13027 4.64833 1
v 1.13155 4.7048 1
v 1.28409 4.66547 1
v 0.759332 5.45301 0
v 0.936423 5.4254 0
v 0.759332 5.45301 0.333333
v 0.936423 5.4254 0.333333
v 1.11252 5.39205 0
v 1.28744 5.35298 0
v 1.11252 5.39205 0.333333
v 1.28744 5.35298 0.333333
v 1.40286 3.76386 1
v 1.53065 3.69532 1
v 1.66948 3.65343 1
v 1.81275 3.64037 1
v 1.95473 3.65771 1
v 2.73644 2.94051 1
v 2.66956 3.06787 1
v 2.63125 3.20568 1
v 2.62513 3.34922 1
v 2.08968 3.707 1
v 2.18218 3.77258 1
v 2.26523 3.84716 1
v 2.33808 3.93026 1
v 2.40002 4.02139 1
v 2.65044 3.45966 1
v 2.68755 3.56494 1
v 2.73638 3.66411 1
v 2.48779 4.08603 1
v 2.57686 4.09577 1
v 2.60887 4.07545 1
v 2.60577 4.07739 1
v 2.60494 4.07746 1
v 2.68838 4.02345 1
v 2.70881 4.00972 1
v 2.70167 4.01438 1
v 2.72152 4.00083 1
v 1.43527 4.6212 1
v 1.58492 4.57204 1
v 1.87904 4.45923 1
v 2.02319 4.3957 1
v 1.7329 4.51803 1
v 1.461 5.30824 0
v 1.633 5.25787 0
v 1.461 5.30824 0.333333
v 1.633 5.25787 0.333333
v 1.97164 5.14048 0
v 1.97164 5.14048 0.333333
v 1.80328 5.20193 0
v 1.80328 5.20193 0.333333
v 2.1652 4.32752 1
v 2.30491 4.25475 1
v 2.44218 4.17747 1
v 2.13792 5.07358 0
v 2.30193 5.0013 0
v 2.13792 5.07358 0.333333
v 2.30193 5.0013 0.333333
v 2.4635 4.92372 0
v 2.62246 4.84093 0
v 2.4635 4.92372 0.333333
v 2.62246 4.84093 0.333333
v 3.99978 0 1
v 4.01421 0.144295 1
v 4.05698 0.281653 1
v 4.12733 0.406185 1
v 3.85594 1.29232 1
v 3.9686 1.20419 1
v 4.09887 1.14362 1
v 2.94051 2.73644 1
v 3.06787 2.66956 1
v 3.20568 2.63125 1
v 3.34922 2.62513 1
v 3.69532 1.53065 1
v 3.76386 1.40286 1
v 3.65343 1.66948 1
v 3.64037 1.81275 1
v 3.65771 1.95473 1
v 3.707 2.08968 1
v 3.77264 2.18203 1
v 3.45978 2.65032 1
v 3.56504 2.68744 1
v 3.66415 2.73634 1
v 3.84722 2.26509 1
v 3.93028 2.33803 1
v 4.02139 2.40002 1
v 4.08609 2.48765 1
v 4.1166 2.54344 1
v 4.03858 2.66525 1
v 4.03163 2.67609 1
v 4.02862 2.68047 1
v 4.02345 2.68838 1
v 4.07545 2.60887 1
v 4.07739 2.60577 1
v 4.07749 2.6045 1
v 4.2245 0.512005 1
v 4.32049 0.572206 1
v 4.42118 0.620405 1
v 4.52583 0.656007 1
v 4.63373 0.678406 1
v 4.8159 0.471851 1
v 4.79799 0.628357 1
v 4.21065 1.12458 1
v 4.32211 1.11859 1
v 4.43239 1.12584 1
v 4.72704 0.734606 1
v 4.7636 0.850671 1
v 4.76421 0.847066 1
v 4.76382 0.845907 1
v 4.77499 0.784196 1
v 4.74803 0.933175 1
v 4.74694 0.939205 1
v 4.74598 0.944034 1
v 4.74655 0.940992 1
v 4.54062 1.14648 1
v 4.72653 1.03703 1
v 4.72571 1.0406 1
v 4.72497 1.04145 1
v 4.71385 1.09322 1
v 4.64839 1.13013 1
v 4.67577 1.24607 1
v 5.50562 0 0
v 5.50271 0.179206 0
v 5.50562 0 0.333333
v 5.50271 0.179206 0.333333
v 5.49396 0.358222 0
v 5.47939 0.536858 0
v 5.49396 0.358222 0.333333
v 5.47939 0.536858 0.333333
v 4.83896 0 1
v 4.83639 0.157506 1
v 4.8287 0.314846 1
v 5.45901 0.714926 0
v 5.43285 0.892236 0
v 5.45901 0.714926 0.333333
v 5.43285 0.892236 0.333333
v 5.40093 1.0686 0
v 5.36328 1.24383 0
v 5.40093 1.0686 0.333333
v 5.36328 1.24383 0.333333
v 4.41202 1.98735 1
v 4.63273 1.39761 1
v 4.58479 1.54766 1
v 4.53198 1.69607 1
v 4.47437 1.84269 1
v 4.77546 2.73987 0
v 4.77546 2.73987 0.333333
v 4.19721 2.4081 1
v 4.27337 2.27021 1
v 4.345 2.12991 1
v 5.15636 1.92974 0
v 5.15636 1.92974 0.333333
v 5.31995 1.41775 0
v 5.27099 1.59016 0
v 5.31995 1.41775 0.333333
v 5.27099 1.59016 0.333333
v 5.21644 1.76088 0
v 5.21644 1.76088 0.333333
v 5.09081 2.09656 0
v 5.01987 2.26115 0
v 5.09081 2.09656 0.333333
v 5.01987 2.26115 0.333333
v 4.94361 2.42335 0
v 4.86211 2.58298 0
v 4.94361 2.42335 0.333333
v 4.86211 2.58298 0.333333
v 2.82827 2.82827 1
v 3.43556 3.40771 1
v 2.79683 3.75624 1
v 3.0869 3.72647 1
v 2.82307 3.86196 1
v 2.83789 3.91942 1
v 2.76984 3.96777 1
v 2.77041 3.96663 1
v 2.76686 3.96989 1
v 2.96396 3.82497 1
v 3.20655 3.62402 1
v 3.32282 3.51773 1
v 3.75624 2.79683 1
v 3.75147 3.05646 1
v 3.54466 3.29408 1
v 3.65 3.17695 1
v 3.86207 2.82297 1
v 3.94239 2.8059 1
v 3.84897 2.93274 1
v 3.96777 2.76984 1
v 3.96687 2.77029 1
v 3.96989 2.76686 1
v 3.64832 4.1233 0
v 3.7806 4.00237 0
v 3.64832 4.1233 0.333333
v 3.7806 4.00237 0.333333
v 4.033 3.7479 0
v 4.033 3.7479 0.333333
v 3.90887 3.87719 0
v 3.90887 3.87719 0.333333
v 2.77864 4.753 0
v 3.08201 4.56214 0
v 2.93188 4.66004 0
v 2.77864 4.753 0.333333
v 3.08201 4.56214 0.333333
v 2.93188 4.66004 0.333333
v 3.22887 4.45941 0
v 3.37231 4.35194 0
v 3.22887 4.45941 0.333333
v 3.37231 4.35194 0.333333
v 3.51218 4.23987 0
v 3.51218 4.23987 0.333333
v 4.37925 3.33678 0
v 4.37925 3.33678 0.333333
v 4.58707 3.04478 0
v 4.68375 2.89385 0
v 4.58707 3.04478 0.333333
v 4.68375 2.89385 0.333333
v 4.48554 3.19247 0
v 4.48554 3.19247 0.333333
v 4.26832 3.47756 0
v 4.15286 3.61464 0
v 4.26832 3.47756 0.333333
v 4.15286 3.61464 0.333333
v 0.156984 2.59526 8.2
v 0.313395 2.58104 8.2
v 0.468663 2.55741 8.2
v 0.622221 2.52445 8.2
v 0.773508 2.48227 8.2
v 0.921973 2.43104 8.2
v 1.06707 2.37094 8.2
v 1.34508 2.22503 8.2
v 1.20828 2.30219 8.2
v 2.6 0 8.2
v 2.59526 0.156984 8.2
v 2.58104 0.313395 8.2
v 2.55741 0.468663 8.2
v 2.52445 0.622221 8.2
v 2.22503 1.34508 8.2
v 2.37094 1.06707 8.2
v 2.30219 1.20828 8.2
v 2.48227 0.773508 8.2
v 2.43104 0.921973 8.2
v 1.60347 2.04668 8.2
v 2.04668 1.60347 8.2
v 1.83848 1.83848 8.2
v 1.72412 1.94613 8.2
v 1.94613 1.72412 8.2
v 1.47697 2.13976 8.2
v 2.13976 1.47697 8.2
v 0.144295 4.01421 7.2
v 0.281653 4.05698 7.2
v 0.406185 4.12733 7.2
v 1.20419 3.9686 7.2
v 1.14362 4.09887 7.2
v 1.29232 3.85594 7.2
v 0.512005 4.2245 7.2
v 0.572374 4.32049 7.2
v 0.620556 4.42118 7.2
v 0.511031 4.8119 7.2
v 0.656062 4.52583 7.2
v 0.678406 4.63373 7.2
v 0.667386 4.79271 7.2
v 0.0393831 4.8388 7.2
v 0.196863 4.83495 7.2
v 0.354135 4.82598 7.2
v 0.0448089 5.50544 7.86667
v 0.223985 5.50107 7.86667
v 0.0448089 5.50544 8.2
v 0.223985 5.50107 8.2
v 0.402924 5.49086 7.86667
v 0.581436 5.47484 7.86667
v 0.402924 5.49086 8.2
v 0.581436 5.47484 8.2
v 0.734757 4.72704 7.2
v 0.823033 4.76845 7.2
v 0.847066 4.76421 7.2
v 0.846477 4.76401 7.2
v 0.850671 4.7636 7.2
v 0.944034 4.74598 7.2
v 0.966642 4.74125 7.2
v 0.977808 4.73914 7.2
v 0.993302 4.73568 7.2
v 1.12473 4.21059 7.2
v 1.11873 4.32205 7.2
v 1.12589 4.43236 7.2
v 1.14648 4.54062 7.2
v 1.03703 4.72653 7.2
v 1.0406 4.72571 7.2
v 1.04153 4.7249 7.2
v 1.13027 4.64833 7.2
v 1.13155 4.7048 7.2
v 1.28409 4.66547 7.2
v 0.759332 5.45301 7.86667
v 0.936423 5.4254 7.86667
v 0.759332 5.45301 8.2
v 0.936423 5.4254 8.2
v 1.11252 5.39205 7.86667
v 1.28744 5.35298 7.86667
v 1.11252 5.39205 8.2
v 1.28744 5.35298 8.2
v 1.40286 3.76386 7.2
v 1.53065 3.69532 7.2
v 1.66948 3.65343 7.2
v 1.81275 3.64037 7.2
v 1.95473 3.65771 7.2
v 2.73644 2.94051 7.2
v 2.66956 3.06787 7.2
v 2.63125 3.20568 7.2
v 2.62513 3.34922 7.2
v 2.08968 3.707 7.2
v 2.18218 3.77258 7.2
v 2.26523 3.84716 7.2
v 2.33808 3.93026 7.2
v 2.40002 4.02139 7.2
v 2.65044 3.45966 7.2
v 2.68755 3.56494 7.2
v 2.73638 3.66411 7.2
v 2.48779 4.08603 7.2
v 2.57686 4.09577 7.2
v 2.60887 4.07545 7.2
v 2.60577 4.07739 7.2
v 2.60494 4.07746 7.2
v 2.68838 4.02345 7.2
v 2.70881 4.00972 7.2
v 2.70167 4.01438 7.2
v 2.72152 4.00083 7.2
v 1.43527 4.6212 7.2
v 1.58492 4.57204 7.2
v 1.87904 4.45923 7.2
v 2.02319 4.3957 7.2
v 1.7329 4.51803 7.2
v 1.461 5.30824 7.86667
v 1.633 5.25787 7.86667
v 1.461 5.30824 8.2
v 1.633 5.25787 8.2
v 1.97164 5.14048 7.86667
v 1.97164 5.14048 8.2
v 1.80328 5.20193 7.86667
v 1.80328 5.20193 8.2
v 2.1652 4.32752 7.2
v 2.30491 4.25475 7.2
v 2.44218 4.17747 7.2
v 2.13792 5.07358 7.86667
v 2.30193 5.0013 7.86667
v 2.13792 5.07358 8.2
v 2.30193 5.0013 8.2
v 2.4635 4.92372 7.86667
v 2.62246 4.84093 7.86667
v 2.4635 4.92372 8.2
v 2.62246 4.84093 8.2
v 3.99978 0 7.2
v 4.01421 0.144295 7.2
v 4.05698 0.281653 7.2
v 4.12733 0.406185 7.2
v 3.85594 1.29232 7.2
v 3.9686 1.20419 7.2
v 4.09887 1.14362 7.2
v 2.94051 2.73644 7.2
v 3.06787 2.66956 7.2
v 3.20568 2.63125 7.2
v 3.34922 2.62513 7.2
v 3.69532 1.53065 7.2
v 3.76386 1.40286 7.2
v 3.65343 1.66948 7.2
v 3.64037 1.81275 7.2
v 3.65771 1.95473 7.2
v 3.707 2.08968 7.2
v 3.77264 2.18203 7.2
v 3.45978 2.65032 7.2
v 3.56504 2.68744 7.2
v 3.66415 2.73634 7.2
v 3.84722 2.26509 7.2
v 3.93028 2.33803 7.2
v 4.02139 2.40002 7.2
v 4.08609 2.48765 7.2
v 4.1166 2.54344 7.2
v 4.03858 2.66525 7.2
v 4.03163 2.67609 7.2
v 4.02862 2.68047 7.2
v 4.02345 2.68838 7.2
v 4.07545 2.60887 7.2
v 4.07739 2.60577 7.2
v 4.07749 2.6045 7.2
v 4.2245 0.512005 7.2
v 4.32049 0.572206 7.2
v 4.42118 0.620405 7.2
v 4.52583 0.656007 7.2
v 4.63373 0.678406 7.2
v 4.8159 0.471851 7.2
v 4.79799 0.628357 7.2
v 4.21065 1.12458 7.2
v 4.32211 1.11859 7.2
v 4.43239 1.12584 7.2
v 4.72704 0.734606 7.2
v 4.7636 0.850671 7.2
v 4.76421 0.847066 7.2
v 4.76382 0.845907 7.2
v 4.77499 0.784196 7.2
v 4.74803 0.933175 7.2
v 4.74694 0.939205 7.2
v 4.74598 0.944034 7.2
v 4.74655 0.940992 7.2
v 4.54062 1.14648 7.2
v 4.72653 1.03703 7.2
v 4.72571 1.0406 7.2
v 4.72497 1.04145 7.2
v 4.71385 1.09322 7.2
v 4.64839 1.13013 7.2
v 4.67577 1.24607 7.2
v 4.83896 0 7.2
v 4.83639 0.157506 7.2
v 4.8287 0.314846 7.2
v 5.50562 0 7.86667
v 5.50271 0.179206 7.86667
v 5.50562 0 8.2
v 5.50271 0.179206 8.2
v 5.49396 0.358222 7.86667
v 5.47939 0.536858 7.86667
v 5.49396 0.358222 8.2
v 5.47939 0.536858 8.2
v 5.45901 0.714926 7.86667
v 5.43285 0.892236 7.86667
v 5.45901 0.714926 8.2
v 5.43285 0.892236 8.2
v 5.40093 1.0686 7.86667
v 5.36328 1.24383 7.86667
v 5.40093 1.0686 8.2
v 5.36328 1.24383 8.2
v 4.41202 1.98735 7.2
v 4.63273 1.39761 7.2
v 4.58479 1.54766 7.2
v 4.53198 1.69607 7.2
v 4.47437 1.84269 7.2
v 4.19721 2.4081 7.2
v 4.27337 2.27021 7.2
v 4.345 2.12991 7.2
v 4.77546 2.73987 7.86667
v 4.77546 2.73987 8.2
v 5.15636 1.92974 7.86667
v 5.15636 1.92974 8.2
v 5.31995 1.41775 7.86667
v 5.27099 1.59016 7.86667
v 5.31995 1.41775 8.2
v 5.27099 1.59016 8.2
v 5.21644 1.76088 7.86667
v 5.21644 1.76088 8.2
v 5.09081 2.09656 7.86667
v 5.01987 2.26115 7.86667
v 5.09081 2.09656 8.2
v 5.01987 2.26115 8.2
v 4.94361 2.42335 7.86667
v 4.86211 2.58298 7.86667
v 4.94361 2.42335 8.2
v 4.86211 2.58298 8.2
v 2.82827 2.82827 7.2
v 3.43556 3.40771 7.2
v 2.79683 3.75624 7.2
v 3.0869 3.72647 7.2
v 2.82307 3.86196 7.2
v 2.83789 3.91942 7.2
v 2.76984 3.96777 7.2
v 2.77041 3.96663 7.2
v 2.76686 3.96989 7.2
v 2.96396 3.82497 7.2
v 3.20655 3.62402 7.2
v 3.32282 3.51773 7.2
v 3.75624 2.79683 7.2
v 3.75147 3.05646 7.2
v 3.54466 3.29408 7.2
v 3.65 3.17695 7.2
v 3.86207 2.82297 7.2
v 3.94239 2.8059 7.2
v 3.84897 2.93274 7.2
v 3.96777 2.76984 7.2
v 3.96687 2.77029 7.2
v 3.96989 2.76686 7.2
v 3.64832 4.1233 7.86667
v 3.7806 4.00237 7.86667
v 3.64832 4.1233 8.2
v 3.7806 4.00237 8.2
v 4.033 3.7479 7.86667
v 4.033 3.7479 8.2
v 3.90887 3.87719 7.86667
v 3.90887 3.87719 8.2
v 2.77864 4.753 7.86667
v 3.08201 4.56214 7.86667
v 2.93188 4.66004 7.86667
v 2.77864 4.753 8.2
v 3.08201 4.56214 8.2
v 2.93188 4.66004 8.2
v 3.22887 4.45941 7.86667
v 3.37231 4.35194 7.86667
v 3.22887 4.45941 8.2
v 3.37231 4.35194 8.2
v 3.51218 4.23987 7.86667
v 3.51218 4.23987 8.2
v 4.37925 3.33678 7.86667
v 4.37925 3.33678 8.2
v 4.58707 3.04478 7.86667
v 4.68375 2.89385 7.86667
v 4.58707 3.04478 8.2
v 4.68375 2.89385 8.2
v 4.48554 3.19247 7.86667
v 4.48554 3.19247 8.2
v 4.26832 3.47756 7.86667
v 4.15286 3.61464 7.86667
v 4.26832 3.47756 8.2
v 4.15286 3.61464 8.2
f  1227 1228 1508
f  1188 1189 1469
f  1189 1192 1472
f  1191 1471 1192
f  1191 1193 1473
f  1193 1197 1477
f  1189 1472 1469
f  1197 1198 1478
f  1198 1199 1479
f  1199 1224 1504
f  1224 1225 1505
f  1225 1226 1506
f  1226 1227 1507
f  1197 1478 1477
f  1228 1232 1512
f  1229 1509 1231
f  1230 1231 1511
f  1230 1510 1233
f  1232 1233 1513
f  1229 1234 1514
f  1234 1238 1516
f  1236 1516 1238
f  1185 1466 1465
f  1185 1468 1466
f  1188 1469 1468
f  1185 1186 1468
f  1198 1479 1478
f  1199 1504 1479
f  1224 1505 1504
f  1225 1506 1505
f  1226 1507 1506
f  1227 1508 1507
f  1228 1512 1508
f  1233 1510 1513
f  1231 1509 1511
f  1230 1511 1510
f  1232 1513 1512
f  1229 1514 1509
f  1234 1518 1514
f  1234 1516 1518
f  1193 1477 1473
f  1191 1473 1471
f  1192 1471 1472
f  1186 1188 1468
f  1332 1613 1612
f  1244 1246 1526
f  1314 1594 1315
f  1297 1329 1609
f  1310 1590 1335
f  1310 1312 1592
f  1312 1315 1594
f  1333 1614 1613
f  1249 1297 1577
f  1248 1529 1528
f  1247 1528 1527
f  1329 1330 1610
f  1330 1331 1611
f  1331 1332 1612
f  1332 1333 1613
f  1333 1334 1614
f  1334 1335 1615
f  1246 1527 1526
f  1244 1526 1524
f  1245 1524 1525
f  1243 1525 1523
f  1334 1615 1614
f  1291 1293 1573
f  1312 1594 1595
f  1312 1595 1592
f  1310 1592 1590
f  1335 1590 1615
f  1297 1609 1577
f  1249 1577 1529
f  1293 1523 1573
f  1291 1573 1571
f  1288 1571 1569
f  1288 1569 1568
f  1329 1610 1609
f  1330 1611 1610
f  1331 1612 1611
f  1244 1524 1245
f  1243 1245 1525
f  1247 1248 1528
f  1243 1523 1293
f  1289 1291 1571
f  1288 1289 1571
f  1248 1249 1529
f  1246 1247 1527
f  1343 1626 1624
f  1346 1349 1629
f  1343 1344 1626
f  1344 1346 1626
f  1348 1628 1349
f  1392 1396 1675
f  1336 1616 1347
f  1347 1627 1348
f  1343 1624 1623
f  1336 1617 1616
f  1395 1675 1396
f  1390 1392 1672
f  1389 1390 1670
f  1388 1389 1669
f  1387 1388 1668
f  1357 1387 1667
f  1356 1357 1637
f  1346 1629 1626
f  1355 1356 1636
f  1354 1355 1635
f  1353 1354 1634
f  1352 1353 1633
f  1351 1352 1632
f  1350 1351 1631
f  1337 1350 1630
f  1389 1670 1669
f  1354 1635 1634
f  1355 1636 1635
f  1353 1634 1633
f  1352 1633 1632
f  1351 1632 1631
f  1356 1637 1636
f  1350 1631 1630
f  1337 1630 1617
f  1357 1667 1637
f  1387 1668 1667
f  1388 1669 1668
f  1390 1672 1670
f  1392 1676 1672
f  1392 1675 1676
f  1349 1628 1629
f  1348 1627 1628
f  1347 1616 1627
f  1336 1337 1617
f  1407 1687 1408
f  1838 2124 2123
f  1839 2154 2124
f  1837 2123 2122
f  1836 2122 2121
f  1358 1638 1406
f  1838 1839 2124
f  1408 1688 1409
f  1409 1689 1410
f  1869 2155 2154
f  1358 1639 1638
f  1359 1640 1639
f  1360 2121 1640
f  1879 2166 2167
f  1879 2167 2164
f  1873 2164 2158
f  1872 2158 2157
f  1871 2157 2156
f  1870 2156 2155
f  1836 1837 2122
f  1837 1838 2123
f  1406 1686 1407
f  1401 1690 1681
f  1403 1684 1683
f  1403 1681 1684
f  1407 1686 1687
f  1871 1872 2157
f  1406 1638 1686
f  1408 1687 1688
f  1409 1688 1689
f  1870 1871 2156
f  1869 1870 2155
f  1839 1869 2154
f  1410 1689 1690
f  1401 1410 1690
f  1872 1873 2158
f  1873 1879 2164
f  1879 1882 2166
f  1881 2166 1882
f  1359 1360 1640
f  1358 1359 1639
f  1360 1836 2121
f  1403 1404 1681
f  1401 1681 1404
f  1853 2142 2138
f  1890 2176 2175
f  1857 2143 2142
f  1858 2144 2143
f  1859 2145 2144
f  1860 2153 2145
f  1860 2152 2153
f  1847 2132 1848
f  1847 1849 2134
f  1849 1850 2135
f  1850 1851 2136
f  1841 2126 1842
f  1840 2125 1841
f  1840 1848 2133
f  1842 2127 1876
f  1876 2161 1877
f  1877 2162 1878
f  1878 2163 1888
f  1888 2173 1893
f  1891 1893 2178
f  1890 1891 2178
f  1876 2127 2161
f  1877 2161 2162
f  1878 2162 2163
f  1888 2163 2173
f  1893 2173 2178
f  1890 2178 2176
f  1860 1868 2152
f  1842 2126 2127
f  1852 1853 2138
f  1858 1859 2144
f  1857 1858 2143
f  1859 1860 2145
f  1853 1857 2142
f  1840 2133 2125
f  1848 2132 2133
f  1847 2134 2132
f  1849 2135 2134
f  1867 2152 1868
f  1850 2136 2135
f  1851 2137 2136
f  1851 1852 2137
f  1852 2138 2137
f  1841 2125 2126
f  1854 2139 1855
f  1944 1947 2231
f  1800 1801 2086
f  1801 1802 2087
f  1794 2085 2079
f  1793 2079 2078
f  1792 2078 2077
f  1791 2077 2076
f  1801 2087 2086
f  1855 2140 1856
f  1792 1793 2078
f  1946 2231 1947
f  1855 2139 2140
f  1942 1944 2229
f  1793 1794 2079
f  1794 1800 2085
f  1959 1960 2241
f  1791 2076 1940
f  1843 1940 2225
f  1802 1942 2227
f  1791 1792 2077
f  1959 2241 2245
f  1856 2140 2141
f  1800 2086 2085
f  1854 2131 2139
f  1846 2130 2131
f  1845 2129 2130
f  1844 2128 2129
f  1846 2131 1854
f  1956 2241 1960
f  1845 2130 1846
f  1952 2237 1956
f  1940 2076 2225
f  1843 2225 2128
f  1802 2227 2087
f  1942 2229 2227
f  1944 2232 2229
f  1856 2141 1952
f  1944 2231 2232
f  1959 2245 2244
f  1956 2237 2241
f  1952 2141 2237
f  1843 2128 1844
f  1844 2129 1845
f  1797 2082 1798
f  1798 2083 1799
f  1795 2075 2080
f  1806 1807 2088
f  1798 2082 2083
f  1738 1739 2024
f  1738 2023 1740
f  1806 2092 2091
f  1739 1768 2053
f  1806 2088 2092
f  1796 2080 2081
f  1797 2081 2082
f  1803 2084 2088
f  1740 2025 1786
f  1803 2088 1807
f  1799 2084 1803
f  1789 2073 2074
f  1770 1771 2056
f  1771 1775 2060
f  1796 2081 1797
f  1795 2080 1796
f  1769 1770 2055
f  1773 2058 1774
f  1774 2058 1775
f  1786 2071 1787
f  1787 2072 1788
f  1788 2073 1789
f  1799 2083 2084
f  1789 2074 1790
f  1790 2075 1795
f  1768 1769 2054
f  1786 2025 2071
f  1740 2023 2025
f  1738 2024 2023
f  1739 2053 2024
f  1768 2054 2053
f  1769 2055 2054
f  1770 2056 2055
f  1771 2060 2056
f  1775 2058 2059
f  1775 2059 2060
f  1787 2071 2072
f  1788 2072 2073
f  1790 2074 2075
f  844 1132 845
f  812 1100 813
f  1735 2020 1736
f  815 1103 1735
f  1737 2022 1741
f  1741 2026 1742
f  1742 2027 1743
f  1743 2028 1745
f  1745 2030 1746
f  1746 2031 1759
f  1759 2044 1762
f  1761 1762 2044
f  847 848 1136
f  813 1101 814
f  814 1102 815
f  832 1120 833
f  833 1120 834
f  834 1122 848
f  845 1133 846
f  1736 2021 1737
f  812 846 1134
f  844 847 1135
f  1743 2027 2028
f  1745 2028 2030
f  1746 2030 2031
f  1759 2031 2044
f  1761 2044 2047
f  844 1135 1132
f  1103 2020 1735
f  1736 2020 2021
f  1761 2047 2046
f  845 1132 1133
f  812 1134 1100
f  847 1136 1135
f  814 1101 1102
f  815 1102 1103
f  1742 2026 2027
f  1741 2022 2026
f  813 1100 1101
f  846 1133 1134
f  834 1121 1122
f  848 1122 1136
f  834 1120 1121
f  1737 2021 2022
f  778 1065 1066
f  774 1060 1061
f  774 1061 1062
f  779 1062 1067
f  776 1063 1064
f  821 1109 822
f  777 1067 1065
f  775 1066 1063
f  780 1064 1068
f  781 1068 1069
f  782 1069 1070
f  783 1070 1071
f  784 1071 1072
f  809 1072 1097
f  810 1097 1098
f  811 1098 1099
f  825 1114 1113
f  822 1110 826
f  825 1110 1114
f  822 1109 1110
f  821 1106 1109
f  818 1105 1106
f  817 1104 1105
f  816 1099 1104
f  772 1060 773
f  773 1060 774
f  774 1062 779
f  775 1063 776
f  775 778 1066
f  777 1065 778
f  777 779 1067
f  780 1068 781
f  781 1069 782
f  782 1070 783
f  783 1071 784
f  784 1072 809
f  809 1097 810
f  810 1098 811
f  776 1064 780
f  825 826 1110
f  811 1099 816
f  816 1104 817
f  817 1105 818
f  818 1106 821
f  676 963 964
f  672 697 985
f  678 966 709
f  709 997 760
f  714 766 1054
f  714 1002 716
f  716 1004 719
f  764 765 1053
f  764 1052 766
f  763 1051 765
f  762 1050 763
f  761 1049 762
f  760 1048 761
f  677 965 678
f  676 964 677
f  675 963 676
f  674 962 675
f  673 961 674
f  672 960 673
f  718 719 1004
f  672 985 960
f  762 1049 1050
f  761 1048 1049
f  718 1007 1006
f  718 1004 1007
f  716 1002 1004
f  714 1054 1002
f  760 997 1048
f  709 966 997
f  693 980 695
f  697 983 985
f  695 981 983
f  695 980 981
f  678 965 966
f  673 960 961
f  674 961 962
f  675 962 963
f  677 964 965
f  695 983 697
f  763 1050 1051
f  766 1052 1054
f  764 1053 1052
f  692 980 693
f  765 1051 1053
f  618 905 906
f  656 657 945
f  648 936 649
f  619 907 648
f  617 904 905
f  671 958 959
f  616 902 904
f  614 900 902
f  614 899 900
f  618 906 619
f  670 958 671
f  649 937 650
f  650 938 651
f  651 939 652
f  652 940 653
f  653 941 654
f  654 942 655
f  660 663 947
f  659 947 663
f  656 944 659
f  657 658 946
f  658 671 959
f  658 959 946
f  614 902 616
f  653 940 941
f  654 941 942
f  655 942 943
f  670 943 958
f  656 945 944
f  616 904 617
f  652 939 940
f  651 938 939
f  612 899 614
f  611 899 612
f  650 937 938
f  649 936 937
f  655 943 670
f  657 946 945
f  617 905 618
f  659 944 947
f  660 947 950
f  660 950 948
f  648 907 936
f  619 906 907
f  116 398 399
f  116 399 402
f  121 402 407
f  122 407 408
f  123 408 409
f  124 409 410
f  125 410 411
f  157 411 443
f  157 443 158
f  594 595 883
f  645 933 646
f  595 596 884
f  597 647 935
f  596 597 885
f  600 603 891
f  599 600 891
f  646 934 647
f  644 932 645
f  593 594 882
f  593 881 603
f  646 933 934
f  158 443 444
f  159 444 445
f  445 932 644
f  593 882 881
f  594 883 882
f  595 884 883
f  597 935 885
f  596 885 884
f  599 891 888
f  603 881 891
f  645 932 933
f  599 888 887
f  647 934 935
f  159 445 644
f  158 444 159
f  112 398 113
f  113 398 116
f  116 402 121
f  125 411 157
f  121 407 122
f  122 408 123
f  124 410 125
f  123 409 124
f  146 432 147
f  144 429 430
f  147 432 433
f  148 434 156
f  155 156 442
f  154 155 441
f  156 434 442
f  146 431 432
f  145 430 431
f  126 412 128
f  148 149 435
f  147 433 149
f  149 433 435
f  145 431 146
f  144 430 145
f  143 429 144
f  102 103 386
f  100 386 103
f  139 425 143
f  138 424 139
f  137 423 138
f  136 422 137
f  128 412 136
f  100 104 390
f  104 117 403
f  119 440 405
f  118 405 404
f  117 404 403
f  155 442 441
f  154 441 440
f  104 403 390
f  100 390 386
f  102 386 389
f  148 435 434
f  119 154 440
f  118 119 405
f  136 412 415
f  136 415 422
f  137 422 423
f  117 118 404
f  138 423 424
f  139 424 425
f  102 389 388
f  143 425 429
f  201 486 487
f  202 487 488
f  51 337 53
f  203 488 489
f  54 203 489
f  54 340 153
f  53 339 192
f  49 334 51
f  200 480 486
f  194 479 480
f  151 438 437
f  193 478 479
f  34 35 324
f  35 38 324
f  38 42 328
f  48 334 49
f  42 140 426
f  153 340 439
f  202 488 203
f  150 437 436
f  142 436 428
f  141 428 427
f  140 427 426
f  201 487 202
f  200 486 201
f  194 480 200
f  152 439 438
f  193 479 194
f  192 478 193
f  54 489 340
f  152 153 439
f  150 151 437
f  192 339 478
f  53 337 339
f  51 334 335
f  51 335 337
f  42 426 328
f  38 328 324
f  34 321 320
f  140 141 427
f  151 152 438
f  34 324 321
f  142 150 436
f  141 142 428
f  224 505 510
f  206 493 492
f  207 494 493
f  219 509 505
f  208 541 494
f  219 508 509
f  225 510 511
f  226 511 512
f  227 512 513
f  256 513 542
f  254 542 540
f  205 492 491
f  204 491 490
f  199 490 485
f  198 485 484
f  197 484 483
f  196 483 482
f  195 482 481
f  191 481 477
f  188 477 476
f  188 476 474
f  255 540 541
f  198 199 485
f  195 196 482
f  191 195 481
f  190 191 477
f  254 256 542
f  254 540 255
f  208 255 541
f  188 190 477
f  196 197 483
f  197 198 484
f  199 204 490
f  205 206 492
f  222 508 223
f  219 223 508
f  219 505 224
f  224 510 225
f  225 511 226
f  226 512 227
f  227 513 256
f  207 208 494
f  206 207 493
f  204 205 491
f  1165 1446 1445
f  1196 1444 1476
f  1163 1442 1443
f  259 260 546
f  1166 1443 1446
f  1162 1455 1442
f  1164 1445 1444
f  1175 1458 1455
f  258 259 545
f  257 258 544
f  253 257 543
f  252 253 539
f  251 252 538
f  250 251 537
f  249 250 536
f  236 249 535
f  234 236 522
f  233 234 522
f  1162 1175 1455
f  259 546 545
f  258 545 544
f  257 544 543
f  233 520 519
f  1195 1476 1475
f  1194 1475 1474
f  260 1474 546
f  1195 1196 1476
f  1162 1442 1163
f  1163 1443 1166
f  1164 1444 1196
f  1165 1166 1446
f  1164 1165 1445
f  1175 1178 1457
f  1177 1457 1178
f  233 522 520
f  236 535 522
f  249 536 535
f  250 537 536
f  251 538 537
f  252 539 538
f  253 543 539
f  1175 1457 1458
f  260 1194 1474
f  1194 1195 1475
f  1862 2151 1866
f  507 514 515
f  517 518 520
f  1887 1890 1889
f  518 519 520
f  1341 1342 1618
f  1342 1343 1623
f  1862 1864 2151
f  1866 2151 1867
f  1394 1674 1395
f  1058 1061 1060
f  1402 1403 1683
f  1394 1398 1674
f  1400 1402 1678
f  1398 1399 1678
f  1399 1400 1678
f  507 515 508
f  771 1055 1056
f  1866 1867 1868
f  1006 1007 1008
f  1239 1567 1522
f  1239 1522 1520
f  1239 1520 1519
f  1237 1519 1517
f  1236 1517 1516
f  1184 1465 1464
f  1180 1464 1463
f  1180 1463 1461
f  1180 1461 1460
f  1179 1460 1459
f  1177 1459 1457
f  767 1008 1055
f  1058 1060 1059
f  771 1056 1058
f  771 1058 1059
f  772 1059 1060
f  824 1113 1112
f  827 1112 1115
f  831 1115 1116
f  831 1116 1118
f  831 1118 1119
f  832 1119 1120
f  1007 1055 1008
f  1007 1056 1055
f  1864 1865 2151
f  1865 1961 2150
f  1180 1181 1464
f  1315 1338 1316
f  1314 1316 1596
f  1287 1288 1568
f  1314 1315 1316
f  1242 1289 1288
f  1946 1948 2233
f  1242 1287 1567
f  1240 1242 1567
f  1239 1240 1567
f  1237 1239 1519
f  1236 1237 1517
f  1184 1185 1465
f  1183 1184 1464
f  1181 1183 1464
f  1315 1339 1338
f  1179 1180 1460
f  1177 1179 1459
f  1177 1178 1179
f  1178 1180 1179
f  1178 1181 1180
f  1242 1288 1287
f  1183 1186 1185
f  1183 1185 1184
f  1238 1240 1239
f  1959 2244 1961
f  1237 1238 1239
f  1236 1238 1237
f  1763 1764 1765
f  1884 1887 2165
f  1339 1341 1618
f  1112 1113 1114
f  1112 1114 1115
f  1114 1116 1115
f  1118 1120 1119
f  1118 1121 1120
f  1338 1339 1618
f  1316 1338 1596
f  1400 1403 1402
f  1400 1404 1403
f  1880 2165 1881
f  1880 1884 2165
f  1886 2165 1887
f  508 515 509
f  1886 1889 2171
f  1396 1399 1398
f  1394 1396 1398
f  1394 1395 1396
f  1889 1890 2175
f  1341 1344 1343
f  1341 1343 1342
f  474 476 475
f  473 475 476
f  332 470 471
f  334 471 335
f  332 471 334
f  1946 1947 1948
f  609 610 612
f  1761 1765 1762
f  1761 1763 1765
f  599 601 602
f  718 768 719
f  718 1006 720
f  599 602 600
f  605 606 607
f  691 979 692
f  1767 1772 1774
f  610 611 612
f  1682 1683 1684
f  1680 1682 1684
f  1674 1678 1679
f  1674 1679 1675
f  1675 1679 1676
f  660 662 663
f  770 771 773
f  1516 1520 1518
f  1516 1517 1520
f  1517 1519 1520
f  1522 1567 1569
f  1287 1568 1567
f  1314 1596 1594
f  1567 1568 1569
f  771 772 773
f  660 661 662
f  720 767 768
f  718 720 768
f  1811 1948 1947
f  1805 1810 1806
f  1806 1810 1807
f  1805 1808 1810
f  1772 1773 1774
f  1622 1623 1624
f  1402 1679 1678
f  1402 1680 1679
f  1402 1682 1680
f  1402 1683 1682
f  1594 1619 1595
f  1594 1596 1619
f  1596 1618 1619
f  1621 1622 1624
f  610 898 611
f  691 692 693
f  669 691 693
f  667 979 669
f  666 979 667
f  665 954 666
f  662 954 665
f  661 954 662
f  599 887 601
f  665 666 667
f  669 979 691
f  1338 1618 1596
f  1342 1619 1618
f  1342 1621 1619
f  1342 1622 1621
f  1342 1623 1622
f  1395 1674 1675
f  824 828 825
f  1398 1678 1674
f  601 894 602
f  602 894 605
f  605 894 606
f  606 898 607
f  607 898 609
f  609 898 610
f  1457 1461 1458
f  1864 1959 1961
f  1864 1960 1959
f  1811 2093 1948
f  1810 2093 1811
f  1808 2093 1810
f  1805 2090 1808
f  1805 1806 2091
f  887 888 889
f  1864 1961 1865
f  1457 1459 1461
f  1459 1460 1461
f  1463 1464 1466
f  1464 1465 1466
f  666 957 979
f  666 955 957
f  666 954 955
f  897 900 899
f  1886 1887 1889
f  957 981 980
f  957 980 979
f  720 1006 1008
f  692 979 980
f  953 955 954
f  949 950 951
f  948 950 949
f  661 953 954
f  897 899 898
f  893 895 894
f  888 890 889
f  1880 1882 1884
f  1880 1881 1882
f  1862 1866 1868
f  660 948 661
f  1764 2049 1765
f  824 1112 827
f  824 825 1113
f  771 1059 772
f  770 1055 771
f  768 1055 770
f  767 1055 768
f  1767 2049 1772
f  1765 2049 1767
f  827 1115 828
f  1763 2048 1764
f  1761 2046 1763
f  720 1008 767
f  831 832 833
f  830 831 833
f  824 827 828
f  825 828 826
f  1887 1891 1890
f  828 1115 830
f  830 1115 831
f  831 1119 832
f  1772 2057 1773
f  601 887 889
f  601 889 890
f  601 890 893
f  601 893 894
f  606 894 895
f  606 895 897
f  606 897 898
f  611 898 899
f  661 948 949
f  661 949 951
f  661 951 953
f  221 223 228
f  2149 2150 2245
f  2147 2153 2152
f  231 234 233
f  231 233 232
f  417 418 421
f  412 413 414
f  412 414 415
f  223 229 228
f  111 112 113
f  2174 2175 2176
f  1773 2057 2058
f  1772 2050 2052
f  221 222 223
f  2147 2152 2151
f  1772 2049 2050
f  33 34 320
f  46 332 48
f  2090 2091 2092
f  2052 2059 2058
f  133 418 135
f  101 110 102
f  102 110 103
f  2096 2232 2231
f  2092 2095 2093
f  228 229 518
f  229 231 518
f  1772 2052 2057
f  231 232 518
f  232 233 519
f  2090 2092 2093
f  2096 2231 2233
f  106 107 108
f  111 113 114
f  2150 2246 2245
f  1886 2171 2172
f  398 400 399
f  397 400 398
f  1865 2149 2147
f  392 394 393
f  1867 2151 2152
f  1865 2147 2151
f  1881 2165 2166
f  1886 2169 2165
f  1865 2150 2149
f  1886 2172 2169
f  1889 2174 2171
f  1889 2175 2174
f  2171 2174 2176
f  2166 2169 2167
f  2165 2169 2166
f  131 135 132
f  2171 2176 2172
f  1946 2233 2231
f  1764 2048 2049
f  101 387 396
f  1763 2046 2048
f  101 388 387
f  101 392 393
f  387 389 396
f  387 388 389
f  1961 2244 2246
f  228 518 517
f  126 128 127
f  127 128 129
f  187 190 188
f  187 188 189
f  49 185 184
f  46 49 184
f  1961 2246 2150
f  184 471 470
f  33 421 418
f  132 418 417
f  33 418 133
f  129 131 413
f  127 129 413
f  222 507 508
f  184 473 471
f  34 133 35
f  33 133 34
f  101 102 388
f  2244 2245 2246
f  126 127 413
f  101 393 110
f  221 507 222
f  46 470 332
f  221 514 507
f  184 475 473
f  189 474 475
f  188 474 189
f  187 189 475
f  106 110 393
f  106 393 107
f  185 187 475
f  184 185 475
f  46 184 470
f  107 397 108
f  108 397 114
f  111 114 397
f  111 397 112
f  1948 2093 2095
f  131 132 413
f  33 319 419
f  2047 2050 2049
f  2047 2049 2048
f  2052 2058 2057
f  228 517 515
f  228 515 514
f  1948 2095 2096
f  1805 2091 2090
f  46 48 49
f  2046 2047 2048
f  132 135 418
f  107 393 394
f  107 400 397
f  33 320 319
f  132 417 414
f  33 419 421
f  319 321 419
f  319 320 321
f  1948 2096 2233
f  126 413 412
f  232 519 518
f  221 228 514
f  132 414 413
f  112 397 398
f  101 396 392
f  107 394 400
f  1808 2090 2093
f  48 332 334
f  408 883 884
f  953 971 955
f  407 882 883
f  912 914 925
f  900 901 903
f  900 903 902
f  902 903 924
f  902 925 904
f  1441 1455 1456
f  903 909 924
f  903 908 909
f  895 896 897
f  909 912 924
f  410 884 885
f  914 916 926
f  1452 1470 1480
f  890 892 893
f  2133 2138 2142
f  1451 1467 1452
f  1452 1467 1470
f  2126 2146 2127
f  886 888 891
f  410 885 935
f  938 959 939
f  939 959 958
f  940 943 941
f  939 943 940
f  938 946 959
f  937 945 946
f  936 944 945
f  936 947 944
f  931 947 936
f  939 958 943
f  937 946 938
f  936 945 937
f  1440 1445 1446
f  1431 1476 1444
f  1440 1444 1445
f  443 935 934
f  444 934 933
f  1431 1444 1440
f  1523 1525 1529
f  952 971 953
f  931 967 968
f  2126 2144 2145
f  2125 2143 2144
f  2133 2142 2143
f  546 1474 1429
f  1430 1475 1476
f  951 968 952
f  1440 1442 1441
f  1440 1443 1442
f  955 956 957
f  951 952 953
f  931 950 947
f  1440 1446 1443
f  941 943 942
f  1448 1462 1451
f  904 927 905
f  916 927 926
f  914 926 925
f  904 926 927
f  904 925 926
f  902 924 925
f  912 925 924
f  1447 1456 1448
f  905 929 906
f  1441 1456 1447
f  1448 1456 1458
f  1448 1458 1461
f  1448 1461 1462
f  916 917 927
f  1451 1462 1463
f  1451 1463 1466
f  1451 1466 1467
f  905 927 928
f  906 930 907
f  907 931 936
f  905 928 929
f  906 929 930
f  907 930 931
f  917 928 927
f  920 929 928
f  917 920 928
f  920 921 929
f  921 967 930
f  921 930 929
f  930 967 931
f  931 968 950
f  950 968 951
f  2072 2101 2073
f  2077 2086 2087
f  2077 2085 2086
f  2078 2079 2085
f  2076 2077 2087
f  2077 2078 2085
f  2075 2100 2080
f  2074 2100 2075
f  2073 2099 2074
f  2080 2110 2081
f  1470 1488 1480
f  1480 1488 1481
f  1481 1489 1484
f  1484 1490 1486
f  1486 1491 1493
f  1481 1488 1489
f  1484 1489 1490
f  1488 1505 1489
f  2071 2097 2098
f  2062 2102 2097
f  2099 2113 2100
f  2099 2101 2106
f  2074 2099 2100
f  2073 2101 2099
f  2098 2108 2101
f  2097 2103 2098
f  2072 2098 2101
f  1489 1506 1490
f  2094 2096 2095
f  2088 2089 2092
f  2088 2112 2089
f  2084 2112 2088
f  2083 2111 2084
f  2082 2111 2083
f  2081 2110 2082
f  1502 1510 1511
f  1489 1505 1506
f  1490 1506 1507
f  1491 1507 1508
f  1492 1508 1512
f  2071 2098 2072
f  2025 2097 2071
f  1501 1513 1510
f  1501 1512 1513
f  1488 1504 1505
f  1502 1511 1509
f  1502 1509 1514
f  1503 1514 1515
f  1514 1518 1515
f  1520 1522 1521
f  1524 1526 1527
f  1524 1528 1525
f  1490 1507 1491
f  1501 1510 1502
f  1486 1490 1491
f  1491 1492 1493
f  1491 1508 1492
f  1492 1494 1493
f  1492 1501 1494
f  1497 1501 1502
f  1494 1501 1497
f  1492 1512 1501
f  2097 2102 2103
f  1497 1502 1498
f  1498 1503 1555
f  1498 1502 1503
f  1502 1514 1503
f  1503 1515 1555
f  1515 1518 1556
f  1518 1520 1556
f  873 876 892
f  877 900 897
f  877 897 896
f  876 896 895
f  876 895 893
f  876 893 892
f  873 892 890
f  873 890 888
f  873 888 886
f  877 901 900
f  872 873 886
f  1467 1469 1470
f  1469 1472 1477
f  1471 1477 1472
f  1471 1473 1477
f  1469 1477 1478
f  1469 1478 1470
f  1470 1504 1488
f  1461 1463 1462
f  399 891 881
f  401 886 891
f  406 880 886
f  1441 1442 1455
f  1455 1458 1456
f  2125 2144 2126
f  2125 2133 2143
f  2132 2137 2138
f  1470 1478 1479
f  2132 2136 2137
f  2134 2135 2136
f  1466 1468 1467
f  1467 1468 1469
f  877 908 901
f  876 877 896
f  901 908 903
f  2110 2114 2117
f  1640 2121 2123
f  2100 2113 2114
f  2112 2118 2255
f  2111 2117 2118
f  2089 2112 2255
f  2092 2257 2095
f  2089 2257 2092
f  2111 2118 2112
f  2121 2122 2123
f  2110 2117 2111
f  2100 2114 2110
f  2084 2111 2112
f  2082 2110 2111
f  2080 2100 2110
f  2099 2106 2113
f  2101 2108 2106
f  2098 2103 2108
f  375 864 861
f  1470 1479 1504
f  872 886 880
f  863 869 880
f  862 868 863
f  373 863 880
f  374 862 863
f  375 861 862
f  861 865 862
f  402 881 882
f  869 872 880
f  863 868 869
f  862 865 868
f  861 864 865
f  2132 2138 2133
f  2132 2134 2136
f  1639 2123 2124
f  1104 1109 1105
f  2128 2234 2228
f  2128 2225 2234
f  1116 1117 1118
f  2076 2230 2225
f  1110 1111 1114
f  1108 1111 1110
f  1108 1110 1109
f  1105 1109 1106
f  1098 1108 1109
f  1121 1137 1122
f  1098 1109 1104
f  1097 1107 1108
f  1097 1108 1098
f  2128 2228 2129
f  1098 1104 1099
f  1072 1107 1097
f  2203 2218 2217
f  1094 1124 1107
f  1108 1124 1125
f  1123 1129 1141
f  1117 1128 1129
f  1121 1129 1123
f  1118 1129 1121
f  1117 1129 1118
f  1116 1128 1117
f  1114 1128 1116
f  1111 1125 1128
f  1088 1093 1094
f  1111 1128 1114
f  1108 1125 1111
f  1107 1124 1108
f  2129 2228 2235
f  2130 2235 2236
f  2130 2226 2131
f  2129 2235 2130
f  1121 1123 1137
f  1067 1074 1075
f  2206 2222 2221
f  1082 1089 1085
f  1076 1081 1082
f  1075 1079 1081
f  1076 1082 1085
f  1075 1081 1076
f  1063 1075 1076
f  1074 1079 1075
f  2205 2207 2222
f  1074 1077 1079
f  1018 1077 1073
f  1073 1077 1074
f  1062 1073 1074
f  1018 1073 1061
f  1018 1061 1058
f  1018 1058 1057
f  2199 2221 2218
f  1085 1089 1086
f  1088 1094 1107
f  1087 1091 1093
f  1086 1089 1091
f  2202 2217 2209
f  1087 1093 1088
f  1072 1088 1107
f  1071 1087 1088
f  1086 1091 1087
f  2130 2236 2226
f  1069 1086 1087
f  1068 1085 1086
f  1064 1076 1085
f  2201 2209 2215
f  2200 2215 2212
f  2179 2212 2211
f  2179 2200 2212
f  2204 2270 2207
f  2242 2243 2267
f  2240 2251 2276
f  2235 2265 2247
f  2236 2247 2248
f  2226 2248 2253
f  2226 2253 2239
f  2226 2236 2248
f  2238 2276 2275
f  2238 2240 2276
f  2238 2275 2243
f  2239 2253 2251
f  2237 2238 2243
f  2241 2243 2242
f  2241 2242 2245
f  2237 2243 2241
f  2239 2251 2240
f  2131 2226 2239
f  2141 2240 2238
f  2141 2238 2237
f  2149 2245 2273
f  2242 2267 2273
f  2243 2275 2267
f  2148 2273 2269
f  2146 2269 2270
f  2147 2148 2269
f  2147 2269 2153
f  2148 2149 2273
f  2242 2273 2245
f  2140 2240 2141
f  2234 2261 2262
f  2089 2255 2257
f  2230 2256 2261
f  2094 2257 2256
f  2230 2232 2256
f  2096 2256 2232
f  2094 2095 2257
f  2094 2256 2096
f  1132 1135 1137
f  1102 2033 1103
f  1101 1140 1102
f  1100 1139 1101
f  1134 1138 1139
f  1132 1137 1138
f  1135 1136 1137
f  1122 1137 1136
f  1132 1138 1133
f  1101 1139 1140
f  1100 1134 1139
f  1133 1138 1134
f  2230 2261 2234
f  2229 2232 2230
f  2225 2230 2234
f  2076 2229 2230
f  2076 2227 2229
f  2076 2087 2227
f  1138 1145 1139
f  2139 2239 2240
f  2139 2240 2140
f  2131 2239 2139
f  2228 2262 2265
f  1140 1146 2036
f  1139 1145 1146
f  1140 2036 2033
f  1139 1146 1140
f  1071 1088 1072
f  1138 1142 1145
f  1137 1141 1142
f  1137 1142 1138
f  1123 1141 1137
f  2228 2234 2262
f  2228 2265 2235
f  2235 2247 2236
f  1102 1140 2033
f  963 998 999
f  1000 1009 1010
f  1000 1010 1001
f  999 1009 1000
f  997 1002 1054
f  997 1054 1048
f  966 1003 997
f  965 1000 1001
f  965 1001 966
f  964 999 1000
f  966 1001 1003
f  964 1000 965
f  963 999 964
f  962 998 963
f  2145 2153 2146
f  2126 2145 2146
f  1430 1433 1432
f  1431 1436 1433
f  1429 1430 1432
f  1003 1013 1015
f  1687 2155 2156
f  1686 2154 2155
f  1638 2124 2154
f  1017 1018 1057
f  1005 1015 1017
f  1017 1057 1056
f  1007 1017 1056
f  1005 1017 1007
f  1430 1431 1433
f  1001 1010 1013
f  2147 2149 2148
f  1004 1005 1007
f  1003 1005 1004
f  1002 1003 1004
f  1003 1015 1005
f  1001 1013 1003
f  997 1003 1002
f  1431 1440 1436
f  977 986 984
f  983 984 985
f  982 984 983
f  981 982 983
f  974 984 982
f  973 982 981
f  957 973 981
f  1437 1441 1447
f  986 989 987
f  1437 1440 1441
f  1429 1475 1430
f  1430 1476 1431
f  1429 1474 1475
f  973 974 982
f  956 971 973
f  952 968 971
f  956 973 957
f  977 989 986
f  1436 1440 1437
f  995 1009 999
f  992 995 998
f  988 991 992
f  995 999 998
f  988 992 998
f  987 991 988
f  987 989 991
f  1688 2156 2157
f  962 988 998
f  961 987 988
f  961 988 962
f  960 987 961
f  960 986 987
f  984 986 985
f  960 985 986
f  974 977 984
f  1049 1052 1053
f  1061 1073 1062
f  2163 2203 2202
f  2163 2202 2201
f  1056 1057 1058
f  2162 2206 2199
f  2127 2146 2204
f  2127 2204 2205
f  1049 1053 1051
f  1062 1074 1067
f  1048 1054 1052
f  1049 1051 1050
f  1048 1052 1049
f  2161 2205 2206
f  2162 2199 2203
f  2161 2206 2162
f  2127 2205 2161
f  2170 2196 2195
f  2146 2153 2269
f  1070 1087 1071
f  1069 1087 1070
f  1068 1086 1069
f  1064 1085 1068
f  2205 2222 2206
f  2199 2206 2221
f  2146 2270 2204
f  2204 2207 2205
f  2168 2195 2192
f  2201 2202 2209
f  2202 2203 2217
f  2199 2218 2203
f  2200 2201 2215
f  1063 1066 1075
f  1063 1076 1064
f  1065 1075 1066
f  1065 1067 1075
f  2173 2179 2178
f  1692 2159 2182
f  1701 2182 2181
f  1702 2181 2180
f  2177 2178 2179
f  2176 2178 2177
f  2173 2201 2200
f  2173 2200 2179
f  2163 2201 2173
f  2180 2181 2183
f  2169 2172 2170
f  2162 2203 2163
f  1681 2167 2168
f  1685 2168 2160
f  1690 2164 2167
f  1690 2158 2164
f  1691 2160 2159
f  1688 2157 2158
f  2169 2170 2195
f  2160 2192 2191
f  2177 2211 2196
f  2177 2179 2211
f  2176 2177 2196
f  2170 2172 2196
f  2172 2176 2196
f  2160 2168 2192
f  2167 2169 2195
f  955 971 956
f  2167 2195 2168
f  2159 2191 2188
f  2182 2188 2187
f  2181 2187 2184
f  2181 2184 2183
f  2159 2160 2191
f  2159 2188 2182
f  2181 2182 2187
f  287 322 325
f  299 331 330
f  327 427 428
f  326 327 428
f  325 426 427
f  322 328 426
f  325 427 327
f  322 426 325
f  322 324 328
f  322 323 324
f  321 324 323
f  295 323 322
f  296 419 321
f  296 321 323
f  287 295 322
f  300 330 338
f  315 325 327
f  522 535 534
f  361 390 403
f  384 386 390
f  1103 2033 2020
f  2020 2034 2021
f  2020 2033 2034
f  2021 2034 2035
f  311 326 312
f  391 392 396
f  312 326 329
f  317 329 331
f  394 395 400
f  311 327 326
f  1642 1668 1643
f  534 537 538
f  534 536 537
f  523 534 538
f  1647 1670 1648
f  1648 1649 1659
f  1647 1648 1656
f  1646 1647 1655
f  1643 1668 1669
f  1646 1669 1647
f  1641 1667 1668
f  330 331 438
f  329 437 331
f  1643 1669 1646
f  326 436 329
f  299 317 331
f  1641 1668 1642
f  1625 1667 1641
f  1625 1626 1667
f  534 535 536
f  1646 1655 1652
f  339 489 478
f  336 340 339
f  336 338 340
f  335 336 337
f  333 336 335
f  336 339 337
f  303 336 333
f  305 338 336
f  299 330 300
f  307 471 472
f  1628 1637 1629
f  1627 1636 1628
f  307 472 308
f  303 333 307
f  1616 1635 1627
f  1617 1634 1635
f  1617 1633 1634
f  1630 1632 1633
f  524 531 530
f  1616 1617 1635
f  1617 1630 1633
f  1630 1631 1632
f  1624 1626 1625
f  307 335 471
f  1626 1629 1667
f  1619 1621 1620
f  307 333 335
f  303 305 336
f  300 338 305
f  523 527 534
f  521 534 526
f  2033 2036 2034
f  2034 2037 2035
f  2034 2036 2037
f  2035 2037 2040
f  2029 2035 2040
f  2029 2041 2032
f  2029 2040 2041
f  2032 2041 2063
f  1642 1651 1644
f  312 329 317
f  311 315 327
f  287 325 315
f  2022 2027 2026
f  2021 2035 2022
f  2022 2029 2027
f  2022 2035 2029
f  2027 2029 2028
f  2028 2029 2030
f  2029 2032 2030
f  2030 2032 2031
f  1643 1652 1651
f  1643 1646 1652
f  1642 1643 1651
f  523 543 524
f  1606 1641 1644
f  1641 1642 1644
f  1606 1625 1641
f  1605 1624 1625
f  1638 1639 2124
f  399 401 891
f  525 1429 1432
f  1639 1640 2123
f  524 525 531
f  523 524 530
f  525 1432 531
f  1629 1637 1667
f  1628 1636 1637
f  1627 1635 1636
f  365 391 396
f  1692 1703 1698
f  1702 2180 2183
f  1701 1702 1704
f  1701 2181 1702
f  1692 2182 1701
f  1692 1701 1703
f  1691 1692 1698
f  364 404 405
f  359 405 440
f  366 369 395
f  369 370 401
f  352 385 384
f  365 389 385
f  365 396 389
f  1701 1704 1703
f  366 392 391
f  330 438 439
f  339 340 489
f  352 365 385
f  365 366 391
f  1691 1698 1697
f  1685 1697 1694
f  1677 1694 1693
f  1685 1691 1697
f  1684 1685 1694
f  1680 1684 1694
f  1677 1680 1694
f  1664 1673 1693
f  1677 1693 1679
f  292 357 415
f  345 355 360
f  349 361 355
f  351 384 362
f  349 351 362
f  351 352 384
f  341 342 358
f  345 363 346
f  291 341 359
f  342 364 358
f  346 363 364
f  342 346 364
f  291 359 357
f  292 415 414
f  292 414 416
f  1676 1679 1693
f  341 358 359
f  345 360 363
f  355 361 360
f  349 362 361
f  361 362 390
f  360 361 403
f  357 359 440
f  358 405 359
f  358 364 405
f  360 403 363
f  363 404 364
f  363 403 404
f  1702 2183 1707
f  1702 1707 1704
f  1648 1659 1656
f  1648 1670 1672
f  1647 1669 1670
f  374 377 380
f  375 380 381
f  375 381 864
f  370 406 401
f  373 406 376
f  373 377 374
f  374 380 375
f  373 374 863
f  1663 1671 1664
f  1650 1663 1661
f  1650 1671 1663
f  1649 1661 1659
f  1649 1672 1650
f  374 375 862
f  384 385 386
f  385 389 386
f  362 384 390
f  525 545 546
f  524 544 545
f  524 543 544
f  525 546 1429
f  1647 1656 1655
f  1649 1650 1661
f  1648 1672 1649
f  524 545 525
f  523 539 543
f  523 538 539
f  369 399 400
f  1673 1676 1693
f  1664 1671 1673
f  1691 2159 1692
f  1681 2168 1685
f  1685 2160 1691
f  1681 1690 2167
f  1689 2158 1690
f  1688 2158 1689
f  1687 2156 1688
f  1686 2155 1687
f  1638 2154 1686
f  369 401 399
f  366 394 392
f  366 395 394
f  1525 1528 1529
f  369 400 395
f  370 376 406
f  373 376 377
f  1681 1685 1684
f  338 439 340
f  330 439 338
f  1677 1679 1680
f  331 437 438
f  329 436 437
f  326 428 436
f  1671 1676 1673
f  1671 1672 1676
f  1650 1672 1671
f  471 473 472
f  431 433 432
f  430 435 433
f  1578 1613 1587
f  429 434 435
f  454 484 485
f  455 483 484
f  455 482 483
f  453 481 482
f  453 477 481
f  452 476 477
f  1585 1588 1597
f  1583 1587 1585
f  1578 1583 1580
f  1585 1587 1588
f  1578 1587 1583
f  1576 1578 1580
f  1576 1580 1579
f  1565 1575 1579
f  1578 1612 1613
f  1575 1611 1612
f  1574 1610 1611
f  1576 1612 1578
f  1575 1612 1576
f  1574 1611 1575
f  1572 1609 1610
f  1572 1610 1574
f  467 491 492
f  1593 1603 1601
f  1591 1601 1598
f  468 493 494
f  466 492 493
f  1591 1593 1601
f  1592 1595 1593
f  1591 1592 1593
f  1590 1592 1591
f  1589 1590 1591
f  1589 1598 1597
f  1589 1591 1598
f  1588 1589 1597
f  1573 1577 1609
f  467 490 491
f  454 485 490
f  480 488 487
f  479 489 488
f  480 487 486
f  479 488 480
f  478 489 479
f  1589 1615 1590
f  1588 1614 1615
f  1588 1615 1589
f  1587 1613 1614
f  1587 1614 1588
f  1520 1521 1556
f  458 460 466
f  454 455 484
f  453 482 455
f  446 453 455
f  448 454 449
f  446 455 448
f  1561 1572 1562
f  1557 1570 1561
f  1521 1557 1556
f  1557 1569 1570
f  1522 1569 1557
f  1521 1522 1557
f  458 468 462
f  1515 1556 1555
f  449 454 467
f  448 455 454
f  452 477 453
f  452 453 456
f  308 473 476
f  308 472 473
f  308 476 452
f  446 456 453
f  308 452 456
f  449 467 460
f  1524 1527 1528
f  468 494 469
f  1523 1529 1577
f  1523 1577 1573
f  1575 1576 1579
f  1562 1574 1565
f  1565 1574 1575
f  1562 1572 1574
f  1570 1609 1572
f  469 541 504
f  1571 1573 1609
f  1570 1571 1609
f  1561 1570 1572
f  1569 1571 1570
f  526 534 527
f  466 493 468
f  462 468 469
f  466 467 492
f  454 490 467
f  458 466 468
f  460 467 466
f  443 934 444
f  444 932 445
f  444 933 932
f  463 504 495
f  462 469 463
f  463 469 504
f  510 513 512
f  2060 2061 2062
f  520 522 521
f  407 883 408
f  408 884 409
f  515 517 516
f  409 884 410
f  410 935 411
f  411 935 443
f  523 530 527
f  510 542 513
f  503 540 542
f  2059 2061 2060
f  510 512 511
f  503 542 510
f  504 541 540
f  503 504 540
f  503 510 505
f  503 509 506
f  503 505 509
f  2032 2063 2045
f  2045 2064 2047
f  289 292 416
f  295 296 323
f  2044 2045 2047
f  2032 2045 2044
f  2031 2032 2044
f  521 522 534
f  402 882 407
f  373 880 406
f  399 881 402
f  2050 2051 2052
f  2053 2054 2056
f  2024 2053 2062
f  291 357 292
f  414 417 416
f  2054 2055 2056
f  401 406 886
f  2053 2056 2062
f  2023 2024 2062
f  289 416 417
f  2023 2097 2025
f  2023 2062 2097
f  2056 2060 2062
f  289 421 420
f  296 420 419
f  1605 1621 1624
f  289 420 296
f  2062 2068 2102
f  499 509 515
f  500 521 526
f  499 516 500
f  495 503 496
f  499 506 509
f  496 503 506
f  495 504 503
f  496 506 499
f  1605 1625 1606
f  1603 1620 1605
f  2061 2067 2068
f  1605 1620 1621
f  1603 1619 1620
f  1595 1619 1603
f  423 442 424
f  424 442 425
f  425 434 429
f  357 440 441
f  423 441 442
f  425 442 434
f  429 435 430
f  1593 1595 1603
f  430 433 431
f  419 420 421
f  289 417 421
f  2047 2064 2050
f  2050 2064 2051
f  2051 2067 2052
f  2045 2063 2064
f  2051 2064 2067
f  469 494 541
f  2052 2067 2059
f  2061 2068 2062
f  357 422 415
f  422 441 423
f  2059 2067 2061
f  499 515 516
f  500 516 517
f  500 517 520
f  500 520 521
f  357 441 422
f  2267 2275 2268
f  1500 2120 2003
f  2066 1999 2000
f  1558 2258 2120
f  2268 2275 2277
f  2119 2007 2006
f  2120 2005 2004
f  2247 2266 2249
f  2264 2266 2265
f  2120 2004 2003
f  2267 2274 2273
f  1658 2219 2220
f  2043 1997 1998
f  2043 1996 1997
f  2042 1995 1996
f  2039 1994 1995
f  2038 1047 1994
f  2275 2276 2277
f  2271 2273 2274
f  2269 2272 2270
f  2208 2270 2272
f  2207 2270 2208
f  1653 2224 2208
f  1654 2223 2224
f  2267 2268 2274
f  1657 2220 2223
f  1660 2210 2219
f  2191 2192 2193
f  2192 2194 2193
f  2269 2271 2272
f  2192 2195 2194
f  2194 2195 2197
f  2195 2196 2197
f  2196 2198 2197
f  2196 2211 2198
f  2198 2211 2213
f  2269 2273 2271
f  2211 2212 2213
f  2218 2220 2219
f  2217 2218 2219
f  2220 2221 2223
f  2209 2210 2216
f  2209 2216 2215
f  2120 2006 2005
f  2214 2215 2216
f  2212 2215 2214
f  2115 2014 2019
f  2212 2214 2213
f  2247 2249 2248
f  2115 2019 2008
f  2116 2008 2010
f  2116 2010 2009
f  2210 2217 2219
f  2119 2011 2007
f  2209 2217 2210
f  2119 2012 2011
f  2119 2009 2012
f  2207 2208 2224
f  2222 2224 2223
f  2259 2263 2261
f  2256 2259 2261
f  2262 2263 2264
f  2262 2264 2265
f  2261 2263 2262
f  2256 2260 2259
f  2256 2257 2260
f  2257 2258 2260
f  2255 2258 2257
f  2207 2224 2222
f  2247 2265 2266
f  2221 2222 2223
f  2218 2221 2220
f  2251 2253 2252
f  2248 2250 2253
f  2252 2253 2254
f  2250 2254 2253
f  2251 2252 2278
f  2251 2278 2276
f  2248 2249 2250
f  2106 2107 2113
f  1585 1597 1586
f  1586 1597 1599
f  2104 2013 2105
f  2105 2016 2109
f  2102 2104 2103
f  2070 2104 2102
f  2103 2105 2108
f  2103 2104 2105
f  1584 1585 1586
f  2106 2109 2107
f  2106 2108 2109
f  2105 2109 2108
f  1597 1598 1599
f  1598 1600 1599
f  2118 2120 2255
f  2120 2258 2255
f  2113 2115 2114
f  1583 1585 1584
f  1580 1583 1584
f  1580 1584 1582
f  1579 1582 1581
f  1579 1580 1582
f  2115 2008 2116
f  2116 2009 2119
f  2063 2065 2064
f  2119 2006 2120
f  2107 2109 2017
f  2107 2014 2115
f  1454 1537 1536
f  1482 1538 1537
f  1565 1581 1566
f  1452 1480 1482
f  1608 1644 1645
f  1586 2252 2254
f  1599 2278 2252
f  1559 2260 2258
f  1560 2259 2260
f  1563 2263 2259
f  1564 2264 2263
f  2070 2001 2104
f  1606 1644 1608
f  1584 2254 2250
f  2069 2002 2070
f  2066 2000 2069
f  2065 1999 2066
f  1453 1536 1535
f  1450 1535 1534
f  1450 1534 1533
f  2043 1998 2065
f  1480 1483 1482
f  1582 2250 2249
f  1606 1608 1607
f  1604 1605 1607
f  1605 1606 1607
f  1603 1605 1604
f  1602 1603 1604
f  1600 1601 1602
f  1601 1603 1602
f  1598 1601 1600
f  2118 2119 2120
f  2116 2119 2117
f  2117 2119 2118
f  2114 2115 2116
f  2114 2116 2117
f  2107 2115 2113
f  1500 2003 1554
f  1495 1544 1543
f  1487 1543 1542
f  1487 1542 1541
f  2109 2015 2017
f  2109 2016 2015
f  2107 2017 2014
f  1485 1541 1540
f  1500 1554 1553
f  1500 1553 1552
f  1483 1540 1539
f  1483 1539 1538
f  1487 1495 1543
f  1485 1487 1541
f  1500 1558 2120
f  2068 2070 2102
f  2066 2069 2067
f  2067 2069 2068
f  1500 1552 1551
f  1500 1551 1550
f  1500 1550 1549
f  1499 1549 1548
f  1499 1548 1547
f  1499 1547 1546
f  2104 2018 2013
f  2104 2001 2018
f  2105 2013 2016
f  1496 1546 1545
f  2068 2069 2070
f  1495 1496 1544
f  1496 1499 1546
f  1499 1500 1549
f  1496 1545 1544
f  1483 1485 1540
f  1480 1481 1483
f  1481 1485 1483
f  1481 1484 1485
f  1484 1487 1485
f  1484 1486 1487
f  1486 1495 1487
f  1565 1579 1581
f  1562 1565 1566
f  1562 1566 1564
f  1561 1564 1563
f  1561 1562 1564
f  1557 1563 1560
f  1557 1561 1563
f  1556 1560 1559
f  1482 1483 1538
f  1449 1533 1532
f  1556 1557 1560
f  1486 1493 1495
f  1493 1496 1495
f  1493 1494 1496
f  1494 1499 1496
f  1494 1497 1499
f  1497 1498 1500
f  1497 1500 1499
f  1555 1559 1558
f  1555 1556 1559
f  2043 2065 2063
f  2064 2066 2067
f  1498 1555 1558
f  1498 1558 1500
f  2064 2065 2066
f  1698 1703 1700
f  1694 1697 1696
f  1696 1697 1699
f  1697 1698 1699
f  1698 1700 1699
f  1658 1660 2219
f  1660 1662 2210
f  1662 1665 2216
f  1665 1666 2214
f  1694 1696 1695
f  1600 2277 2278
f  1602 2268 2277
f  1700 1703 1705
f  1703 1704 1705
f  1604 2274 2268
f  1666 1695 2213
f  1608 2272 2271
f  1645 2208 2272
f  1693 1694 1695
f  1666 1693 1695
f  1664 1693 1666
f  1657 1658 2220
f  1654 1657 2223
f  1653 1654 2224
f  1645 1653 2208
f  1608 1645 2272
f  1607 1608 2271
f  1604 1607 2274
f  1602 1604 2268
f  1600 1602 2277
f  1599 1600 2278
f  1664 1666 1665
f  1663 1664 1665
f  2184 2186 2185
f  2188 2191 2190
f  2188 2190 2189
f  1699 2194 2197
f  1695 2198 2213
f  1696 2197 2198
f  2187 2188 2189
f  1666 2213 2214
f  1665 2214 2216
f  1662 2216 2210
f  1700 2193 2194
f  2186 2187 2189
f  1705 2190 2193
f  1706 2189 2190
f  2184 2187 2186
f  1708 2186 2189
f  1662 1663 1665
f  1708 2185 2186
f  2183 2184 2185
f  2276 2278 2277
f  1706 1708 2189
f  1708 2183 2185
f  1705 1706 2190
f  1707 2183 1708
f  1700 1705 2193
f  1699 1700 2194
f  1706 1707 1708
f  1696 1699 2197
f  1704 1707 1706
f  1704 1706 1705
f  1695 1696 2198
f  1607 2271 2274
f  1448 1453 1450
f  1559 1560 2260
f  1560 1563 2259
f  1563 1564 2263
f  1564 1566 2264
f  1452 1482 1454
f  1451 1452 1454
f  1451 1454 1453
f  1448 1451 1453
f  1558 1559 2258
f  1447 1448 1450
f  1447 1450 1449
f  1437 1447 1449
f  1566 1581 2266
f  1581 1582 2249
f  1582 1584 2250
f  1584 1586 2254
f  1586 1599 2252
f  2042 1996 2043
f  2036 2038 2037
f  2037 2038 2039
f  2037 2039 2040
f  2039 2042 2040
f  2040 2042 2041
f  2041 2043 2063
f  2041 2042 2043
f  1449 1450 1533
f  1450 1453 1535
f  1453 1454 1536
f  1454 1482 1537
f  1435 1530 572
f  1438 1531 1530
f  1439 1532 1531
f  1432 1435 1434
f  1661 1663 1662
f  1660 1661 1662
f  1659 1661 1660
f  1658 1659 1660
f  1656 1659 1658
f  1656 1658 1657
f  1655 1656 1657
f  1654 1655 1657
f  1652 1655 1654
f  1652 1654 1653
f  1651 1652 1653
f  1645 1651 1653
f  1581 2249 2266
f  1566 2266 2264
f  1432 1433 1435
f  2190 2191 2193
f  1433 1436 1438
f  1433 1438 1435
f  1436 1439 1438
f  1436 1437 1439
f  1437 1449 1439
f  1644 1651 1645
f  2069 2000 2002
f  2070 2002 2001
f  2065 1998 1999
f  1434 1435 572
f  1435 1438 1530
f  2038 1994 2039
f  2039 1995 2042
f  1438 1439 1531
f  1439 1449 1532
f  1082 1083 1084
f  1142 1143 1144
f  463 495 497
f  463 497 465
f  464 465 553
f  1084 1090 1089
f  1142 1144 1145
f  1144 1147 1145
f  1145 1147 1146
f  1146 1147 1148
f  1146 1148 2036
f  1148 2038 2036
f  1082 1084 1089
f  1141 1143 1142
f  1081 1083 1082
f  1080 1083 1081
f  1079 1080 1081
f  1078 1080 1079
f  1077 1078 1079
f  1090 1034 1092
f  1096 1037 1038
f  1095 1036 1037
f  1092 1035 1036
f  1092 1034 1035
f  1090 1033 1034
f  1090 1032 1033
f  448 449 451
f  1091 1092 1093
f  1090 1092 1091
f  1089 1090 1091
f  1096 1038 1126
f  1095 1037 1096
f  313 990 316
f  313 314 993
f  314 318 994
f  446 447 456
f  447 457 456
f  446 448 450
f  446 450 447
f  1084 1032 1090
f  448 451 450
f  449 460 461
f  449 461 451
f  458 462 464
f  458 464 459
f  1092 1036 1095
f  458 459 460
f  459 461 460
f  462 463 465
f  1147 1047 1148
f  1148 1047 2038
f  462 465 464
f  1014 1016 1015
f  291 293 343
f  291 292 293
f  289 296 290
f  287 288 297
f  287 315 288
f  287 297 295
f  288 315 316
f  1020 1078 1077
f  1018 1019 1020
f  1018 1020 1077
f  1016 1019 1017
f  1017 1019 1018
f  292 294 293
f  1015 1016 1017
f  1013 1014 1015
f  1012 1014 1013
f  1010 1012 1013
f  1010 1011 1012
f  996 1011 1009
f  994 996 995
f  995 996 1009
f  992 994 995
f  991 993 994
f  991 994 992
f  989 990 993
f  1078 1022 1023
f  1083 1031 1084
f  1080 1028 1083
f  1078 1025 1080
f  1084 1031 1032
f  1083 1030 1031
f  1083 1029 1030
f  1083 1028 1029
f  1080 1027 1028
f  1080 1026 1027
f  1080 1025 1026
f  1078 1024 1025
f  1078 1023 1024
f  310 457 1020
f  1078 1021 1022
f  300 305 306
f  303 309 304
f  303 304 305
f  299 302 301
f  299 300 302
f  299 301 317
f  290 296 298
f  295 297 298
f  295 298 296
f  289 290 294
f  289 294 292
f  1125 1127 1128
f  351 353 354
f  352 367 365
f  352 354 367
f  350 355 356
f  291 343 341
f  365 368 366
f  365 367 368
f  366 371 369
f  366 368 371
f  369 372 370
f  1128 1130 1129
f  1127 1130 1128
f  351 354 352
f  1125 1126 1127
f  1129 1130 1131
f  1129 1131 1141
f  1124 1126 1125
f  1131 1143 1141
f  1143 1044 1144
f  1144 1045 1147
f  369 371 372
f  370 372 378
f  347 915 356
f  347 348 918
f  343 922 344
f  312 317 318
f  308 457 310
f  308 456 457
f  307 308 310
f  307 310 309
f  303 307 309
f  304 306 305
f  300 306 302
f  312 318 314
f  311 312 313
f  312 314 313
f  311 316 315
f  311 313 316
f  344 919 348
f  301 318 317
f  341 343 344
f  341 344 342
f  342 344 348
f  346 348 347
f  345 356 355
f  345 346 347
f  345 347 356
f  342 348 346
f  349 355 350
f  349 353 351
f  349 350 353
f  290 970 294
f  1131 1042 1043
f  1130 1041 1042
f  1127 1040 1041
f  1126 1039 1040
f  1126 1038 1039
f  1096 1126 1124
f  1094 1096 1124
f  1094 1095 1096
f  1093 1095 1094
f  1092 1095 1093
f  382 866 383
f  381 383 866
f  1143 1043 1044
f  290 298 972
f  293 923 343
f  293 294 969
f  297 975 298
f  288 316 978
f  288 976 297
f  301 996 318
f  301 302 1011
f  302 306 1012
f  304 1014 306
f  304 309 1016
f  309 310 1019
f  1126 1040 1127
f  370 378 376
f  376 378 379
f  376 379 377
f  377 379 382
f  367 878 368
f  368 875 371
f  353 910 354
f  350 911 353
f  350 356 913
f  1131 1043 1143
f  1130 1042 1131
f  1127 1041 1130
f  1009 1011 1010
f  354 879 367
f  377 382 380
f  372 871 378
f  371 874 372
f  380 382 383
f  378 870 379
f  380 383 381
f  379 867 382
f  1147 1046 1047
f  1147 1045 1046
f  1144 1044 1045
f  1434 572 571
f  528 568 567
f  498 563 564
f  501 565 563
f  501 566 565
f  529 569 568
f  294 970 969
f  532 570 569
f  533 571 570
f  502 567 566
f  293 969 923
f  343 923 922
f  344 922 919
f  348 919 918
f  876 878 879
f  876 879 877
f  873 875 878
f  873 878 876
f  531 1432 1434
f  877 910 908
f  316 990 978
f  288 978 976
f  526 529 528
f  527 530 532
f  527 532 529
f  530 531 533
f  530 533 532
f  872 874 875
f  531 1434 533
f  528 529 568
f  529 532 569
f  532 533 570
f  297 976 975
f  298 975 972
f  290 972 970
f  533 1434 571
f  447 560 561
f  379 870 867
f  864 866 867
f  382 867 866
f  381 866 864
f  447 1021 1078
f  447 562 1021
f  447 1078 457
f  447 561 562
f  378 871 870
f  447 559 560
f  450 557 554
f  461 552 547
f  451 547 558
f  451 558 556
f  450 556 557
f  450 554 555
f  447 555 559
f  868 871 869
f  872 875 873
f  869 874 872
f  347 918 915
f  356 915 913
f  350 913 911
f  353 911 910
f  354 910 879
f  869 871 874
f  977 990 989
f  367 879 878
f  868 870 871
f  865 870 868
f  368 878 875
f  371 875 874
f  865 867 870
f  372 874 871
f  864 867 865
f  921 923 969
f  304 1016 1014
f  306 1014 1012
f  302 1012 1011
f  301 1011 996
f  318 996 994
f  447 450 555
f  314 994 993
f  313 993 990
f  309 1019 1016
f  920 923 921
f  451 461 547
f  450 451 556
f  459 549 461
f  459 464 551
f  461 549 552
f  464 550 551
f  459 551 549
f  968 970 972
f  989 993 991
f  977 978 990
f  974 976 978
f  974 978 977
f  973 975 976
f  973 976 974
f  971 975 973
f  971 972 975
f  908 911 909
f  968 972 971
f  465 497 548
f  967 969 970
f  967 970 968
f  921 969 967
f  457 1078 1020
f  310 1020 1019
f  909 911 913
f  912 915 914
f  912 913 915
f  495 498 497
f  496 499 501
f  496 501 498
f  499 500 502
f  908 910 911
f  909 913 912
f  497 564 548
f  526 527 529
f  502 528 567
f  501 502 566
f  498 501 563
f  497 498 564
f  500 528 502
f  500 526 528
f  499 502 501
f  465 548 553
f  877 879 910
f  920 922 923
f  495 496 498
f  917 922 920
f  917 919 922
f  464 553 550
f  916 919 917
f  916 918 919
f  914 915 918
f  914 918 916
f  791 738 737
f  805 807 806
f  806 807 808
f  791 792 793
f  792 795 793
f  804 807 805
f  794 796 801
f  793 795 794
f  2 29 30
f  803 804 805
f  802 804 803
f  801 802 803
f  806 836 749
f  805 806 748
f  796 802 801
f  794 795 796
f  209 279 210
f  841 754 753
f  850 755 754
f  851 756 755
f  854 757 756
f  840 753 752
f  840 752 751
f  166 791 733
f  166 785 791
f  791 734 733
f  791 735 734
f  791 736 735
f  791 737 736
f  837 751 750
f  806 808 836
f  210 280 213
f  214 282 237
f  213 281 214
f  237 238 240
f  237 240 239
f  238 241 243
f  238 243 240
f  241 242 244
f  241 244 243
f  242 1149 1151
f  242 1151 244
f  808 838 836
f  162 270 272
f  241 284 285
f  794 801 743
f  793 794 741
f  791 793 738
f  241 285 286
f  160 268 271
f  160 273 269
f  160 269 268
f  162 272 261
f  162 271 270
f  238 283 284
f  163 261 266
f  166 274 273
f  166 275 274
f  166 276 275
f  166 733 276
f  801 744 743
f  794 743 742
f  794 742 741
f  793 741 740
f  793 740 739
f  836 750 749
f  786 792 791
f  785 786 791
f  237 283 238
f  238 284 241
f  241 286 242
f  242 286 1149
f  213 280 281
f  214 281 282
f  803 805 746
f  801 803 745
f  793 739 738
f  806 749 748
f  855 758 757
f  805 748 747
f  805 747 746
f  803 746 745
f  801 745 744
f  209 278 277
f  209 277 279
f  210 279 280
f  237 282 283
f  1817 1819 1818
f  1924 1925 1931
f  1820 1824 1823
f  1821 1823 1824
f  1821 1824 1822
f  1821 1822 1828
f  1818 1819 1820
f  1818 1820 1823
f  1785 1819 1817
f  1833 1835 1970
f  1935 1936 1938
f  1932 1933 1934
f  1933 1935 1934
f  1933 1936 1935
f  1936 1937 1938
f  1937 1939 1938
f  1919 1939 1937
f  1924 1932 1925
f  1919 1920 1939
f  1833 1834 1835
f  1831 1834 1832
f  1832 1834 1833
f  1829 1830 1831
f  1829 1831 1832
f  1822 1830 1828
f  1828 1830 1829
f  1818 1823 1728
f  1925 1932 1934
f  1926 1927 1928
f  1927 1929 1928
f  1927 1930 1929
f  1929 1930 1931
f  1924 1931 1930
f  1835 1973 1970
f  585 587 590
f  1782 1784 1783
f  1779 1780 1781
f  1779 1781 1782
f  1755 1780 1778
f  1778 1780 1779
f  584 587 585
f  584 586 587
f  585 590 588
f  1781 1784 1782
f  588 591 589
f  1783 1817 1717
f  1782 1783 1715
f  1779 1782 1714
f  1778 1779 1712
f  1753 1754 1755
f  1753 1755 1778
f  63 624 626
f  1783 1785 1817
f  1783 1784 1785
f  1823 1731 1728
f  1818 1733 1716
f  1818 1728 1733
f  1821 1730 1731
f  1821 1732 1730
f  1828 1729 1732
f  1821 1731 1823
f  1821 1828 1732
f  1829 1832 1723
f  1828 1829 1729
f  1832 1833 1727
f  578 586 584
f  1817 1818 1716
f  1318 1990 1982
f  1900 1902 1901
f  1900 1906 1902
f  1902 1906 1908
f  1361 1919 1937
f  1326 1985 1919
f  1325 1984 1985
f  1323 1988 1984
f  1321 1982 1988
f  1899 1900 1901
f  1317 1991 1990
f  1371 1937 1936
f  1372 1936 1933
f  1375 1933 1932
f  1906 1907 1908
f  1907 1909 1908
f  1907 1910 1909
f  1376 1932 1924
f  1418 1906 1900
f  1417 1907 1906
f  1414 1910 1907
f  1896 1898 1897
f  1421 1900 1899
f  1895 1896 1897
f  1422 1899 1896
f  1425 1896 1895
f  1909 1910 1912
f  1896 1899 1898
f  1898 1899 1901
f  1383 1927 1926
f  1379 1924 1930
f  1381 1930 1927
f  1413 1911 1910
f  1384 1926 1911
f  83 585 588
f  91 574 577
f  573 575 576
f  88 577 578
f  573 576 574
f  87 578 584
f  84 584 585
f  574 576 579
f  574 579 577
f  92 573 574
f  80 588 589
f  577 579 580
f  577 580 578
f  578 580 586
f  79 589 620
f  66 620 621
f  65 621 624
f  1752 1754 1753
f  92 575 573
f  1285 1980 1962
f  1299 1962 1963
f  1300 1963 1968
f  1303 1968 1966
f  1305 1966 1991
f  1275 1970 1972
f  1276 1972 1971
f  1277 1971 1976
f  1281 1976 1977
f  1282 1977 1980
f  1913 1926 1928
f  1911 1926 1913
f  1911 1913 1912
f  1910 1911 1912
f  25 703 704
f  629 631 634
f  629 634 632
f  632 634 635
f  632 635 633
f  1990 1991 1992
f  1991 1993 1992
f  633 635 681
f  29 701 703
f  628 631 629
f  26 704 707
f  31 707 721
f  13 721 722
f  14 722 725
f  19 725 727
f  17 727 729
f  21 729 730
f  621 625 624
f  1984 1986 1987
f  1919 1985 1920
f  1920 1985 1987
f  1984 1987 1985
f  589 622 620
f  589 591 622
f  620 623 621
f  620 622 623
f  22 730 785
f  621 623 625
f  624 625 627
f  624 627 626
f  1986 1988 1989
f  626 630 628
f  626 627 630
f  628 630 631
f  724 726 725
f  703 705 706
f  704 706 707
f  707 708 721
f  706 708 707
f  708 723 721
f  721 723 722
f  722 723 724
f  722 724 725
f  703 706 704
f  725 726 727
f  727 728 729
f  726 728 727
f  729 731 730
f  728 731 729
f  730 732 785
f  730 731 732
f  1984 1988 1986
f  701 702 705
f  701 705 703
f  689 702 701
f  689 690 702
f  686 688 690
f  686 690 689
f  685 687 688
f  685 688 686
f  683 687 685
f  683 684 687
f  680 682 684
f  680 684 683
f  679 681 682
f  679 682 680
f  633 681 679
f  1832 1727 1724
f  1962 1964 1963
f  1963 1964 1965
f  1966 1993 1991
f  1966 1967 1993
f  1965 1969 1968
f  1967 1968 1969
f  1963 1965 1968
f  1966 1968 1967
f  1749 1709 759
f  1833 1726 1727
f  1833 1722 1726
f  1832 1725 1723
f  1829 1734 1729
f  1829 1723 1734
f  1832 1724 1725
f  1833 1720 1721
f  1779 1714 1713
f  1751 1754 1752
f  1749 1751 1752
f  1749 1750 1751
f  1748 1750 1749
f  1753 1778 1711
f  1752 1753 1710
f  1749 1752 1709
f  1748 1749 759
f  1833 1719 1720
f  1779 1713 1712
f  1817 1716 1717
f  1783 1717 1715
f  1782 1715 1714
f  1778 1712 1711
f  1753 1711 1710
f  1752 1710 1709
f  5 679 680
f  1971 1974 1976
f  1974 1978 1976
f  1962 1980 1981
f  1979 1981 1980
f  1962 1981 1964
f  1982 1989 1988
f  1982 1990 1983
f  55 633 679
f  1977 1978 1979
f  6 680 683
f  3 683 685
f  10 685 686
f  9 686 689
f  1 689 701
f  1983 1990 1992
f  1982 1983 1989
f  732 786 785
f  1977 1979 1980
f  1976 1978 1977
f  1971 1975 1974
f  1971 1972 1975
f  1972 1973 1975
f  1970 1973 1972
f  56 632 633
f  60 629 632
f  59 628 629
f  69 626 628
f  588 590 591
f  1218 1718 1833
f  1833 1718 1719
f  1218 1833 1970
f  1833 1721 1722
f  15 32 31
f  91 94 92
f  91 92 574
f  92 94 575
f  63 626 69
f  59 69 628
f  1217 1272 1218
f  1299 1963 1300
f  1300 1968 1303
f  1303 1966 1305
f  1305 1991 1317
f  1361 1371 1362
f  1285 1962 1299
f  5 55 679
f  5 680 6
f  3 6 683
f  3 685 10
f  9 10 686
f  1 9 689
f  1 701 29
f  26 31 32
f  25 27 30
f  25 30 29
f  26 28 27
f  1150 1153 1155
f  63 65 624
f  66 79 620
f  65 66 621
f  83 84 585
f  1172 1258 1200
f  88 93 91
f  84 87 584
f  80 83 588
f  1153 1154 1156
f  1153 1156 1155
f  1150 1155 1152
f  25 26 27
f  1149 1152 1151
f  1149 1150 1152
f  1275 1972 1276
f  1276 1971 1277
f  1277 1976 1281
f  1281 1977 1282
f  91 93 94
f  87 88 578
f  88 91 577
f  1282 1980 1285
f  17 729 21
f  1213 1266 1214
f  1206 1263 1264
f  1204 1262 1263
f  1204 1261 1262
f  1201 1260 1261
f  1200 1259 1260
f  1200 1258 1259
f  22 167 24
f  22 166 167
f  14 725 19
f  17 19 727
f  13 722 14
f  22 785 166
f  1361 1937 1371
f  1371 1936 1372
f  1372 1933 1375
f  1375 1932 1376
f  1376 1924 1379
f  1384 1413 1386
f  1386 1413 1415
f  1413 1414 1415
f  1414 1416 1415
f  1381 1383 1382
f  1362 1371 1373
f  1371 1372 1373
f  1372 1374 1373
f  1372 1375 1374
f  1374 1375 1377
f  1375 1376 1377
f  1376 1378 1377
f  1376 1379 1378
f  1378 1379 1380
f  1379 1381 1380
f  1380 1381 1382
f  88 90 93
f  1382 1383 1385
f  1383 1384 1385
f  26 32 28
f  1214 1268 1217
f  1317 1990 1318
f  1318 1982 1321
f  1321 1988 1323
f  1323 1984 1325
f  1325 1985 1326
f  1326 1919 1361
f  1217 1270 1271
f  56 58 62
f  55 58 56
f  55 57 58
f  1218 1970 1275
f  1218 1274 1718
f  1282 1285 1286
f  1218 1273 1274
f  1285 1299 1301
f  1285 1301 1286
f  1218 1272 1273
f  1217 1271 1272
f  60 62 61
f  1217 1269 1270
f  1217 1268 1269
f  1214 1267 1268
f  1214 1266 1267
f  1213 1265 1266
f  1213 1264 1265
f  1149 1250 1150
f  1150 1251 1153
f  1153 1252 1154
f  1154 1167 1169
f  1281 1284 1283
f  1275 1279 1278
f  1275 1276 1279
f  5 57 55
f  1276 1277 1280
f  1276 1280 1279
f  1277 1281 1283
f  1277 1283 1280
f  64 69 70
f  66 68 81
f  66 81 79
f  1281 1282 1284
f  1167 1170 1169
f  1282 1286 1284
f  65 67 68
f  65 68 66
f  63 64 67
f  63 67 65
f  63 69 64
f  56 62 60
f  59 61 70
f  59 60 61
f  59 70 69
f  1318 1321 1320
f  1172 1202 1174
f  1154 1254 1167
f  1167 1255 1168
f  1168 1256 1171
f  1171 1257 1172
f  84 89 87
f  87 89 90
f  87 90 88
f  1154 1169 1156
f  1317 1318 1319
f  1318 1320 1319
f  1171 1172 1174
f  1321 1323 1322
f  1320 1321 1322
f  1322 1323 1324
f  1323 1325 1324
f  1325 1326 1327
f  1324 1325 1327
f  1326 1328 1327
f  1326 1361 1328
f  1328 1361 1362
f  79 80 589
f  1305 1317 1306
f  1167 1168 1170
f  79 82 80
f  79 81 82
f  80 85 83
f  80 82 85
f  1299 1300 1302
f  1299 1302 1301
f  1300 1304 1302
f  1300 1303 1304
f  1303 1305 1304
f  1304 1305 1306
f  1384 1386 1385
f  1306 1317 1319
f  83 86 84
f  83 85 86
f  84 86 89
f  59 629 60
f  56 60 632
f  1168 1173 1170
f  1168 1171 1173
f  55 56 633
f  1171 1174 1173
f  850 851 755
f  1206 1213 1215
f  160 166 273
f  4 10 12
f  9 11 12
f  1201 1261 1204
f  1200 1260 1201
f  9 12 10
f  855 1748 758
f  854 855 757
f  851 854 756
f  1213 1216 1215
f  172 174 265
f  174 266 263
f  174 263 265
f  172 265 264
f  3 4 8
f  3 8 6
f  6 8 7
f  5 7 57
f  1206 1215 1207
f  172 264 267
f  855 856 857
f  172 267 176
f  176 262 177
f  177 278 209
f  1218 1278 1220
f  1218 1275 1278
f  160 271 162
f  162 261 163
f  163 266 174
f  857 1750 1748
f  855 857 1748
f  176 267 262
f  854 856 855
f  853 856 854
f  851 853 854
f  851 852 853
f  850 852 851
f  1217 1220 1219
f  1217 1218 1220
f  1214 1217 1219
f  1214 1219 1216
f  1213 1214 1216
f  1149 286 1250
f  1171 1256 1257
f  1168 1255 1256
f  213 216 215
f  214 237 239
f  214 239 216
f  1167 1254 1255
f  1154 1253 1254
f  1154 1252 1253
f  1153 1251 1252
f  1150 1250 1251
f  1172 1257 1258
f  5 6 7
f  3 10 4
f  1 2 11
f  1 29 2
f  1 11 9
f  1748 759 758
f  841 850 754
f  840 841 753
f  837 840 751
f  836 837 750
f  209 212 211
f  177 262 278
f  843 852 850
f  841 843 850
f  841 842 843
f  840 842 841
f  839 842 840
f  837 839 840
f  837 838 839
f  836 838 837
f  209 210 212
f  1416 1417 1419
f  210 213 215
f  210 215 212
f  213 214 216
f  1204 1206 1207
f  1204 1207 1205
f  1201 1204 1205
f  1201 1205 1203
f  1200 1201 1203
f  1200 1203 1202
f  1172 1200 1202
f  163 174 175
f  1414 1907 1417
f  1422 1424 1423
f  1417 1906 1418
f  1422 1425 1424
f  1418 1900 1421
f  1421 1899 1422
f  1424 1425 1426
f  1422 1896 1425
f  1425 1895 1426
f  1426 1895 1897
f  162 165 164
f  1421 1422 1423
f  163 175 165
f  21 22 24
f  21 24 23
f  17 21 23
f  18 20 19
f  14 20 16
f  14 19 20
f  17 23 18
f  13 16 15
f  13 14 16
f  13 15 31
f  161 167 166
f  1414 1417 1416
f  1417 1418 1419
f  1418 1420 1419
f  21 730 22
f  25 29 703
f  25 704 26
f  26 707 31
f  13 31 721
f  1206 1264 1213
f  1204 1263 1206
f  160 161 166
f  17 18 19
f  160 162 164
f  160 164 161
f  162 163 165
f  1379 1930 1381
f  1381 1927 1383
f  1383 1926 1384
f  1418 1421 1420
f  1420 1421 1423
f  1384 1911 1413
f  1413 1910 1414
f  173 175 174
f  177 211 179
f  177 209 211
f  176 179 178
f  176 177 179
f  172 176 178
f  172 178 173
f  172 173 174
f  1915 1929 1931
f  47 49 51
f  52 153 152
f  54 192 203
f  50 54 153
f  1914 1938 1923
f  1428 1903 1904
f  1428 1904 1905
f  1923 1938 1939
f  27 41 30
f  2 30 39
f  1894 1929 1915
f  45 151 150
f  23 49 47
f  23 186 185
f  23 185 49
f  50 53 54
f  1189 1190 1193
f  1894 1928 1929
f  53 192 54
f  43 45 150
f  44 151 45
f  44 52 152
f  44 152 151
f  43 150 142
f  1920 1922 1939
f  27 28 40
f  1878 1918 1914
f  28 32 43
f  1860 1876 1861
f  1920 1987 1921
f  1877 1878 1923
f  1876 1877 1921
f  67 76 98
f  67 98 68
f  64 76 67
f  64 70 75
f  61 74 70
f  1885 1912 1913
f  1883 1909 1912
f  1875 1908 1909
f  30 41 39
f  1922 1923 1939
f  12 133 134
f  1861 1876 1921
f  16 20 52
f  18 50 20
f  18 23 47
f  23 24 186
f  61 62 77
f  1877 1922 1921
f  1877 1923 1922
f  27 40 41
f  32 45 43
f  28 43 40
f  2 36 11
f  12 37 35
f  1887 1913 1891
f  1861 1986 1868
f  1918 1934 1935
f  1920 1921 1922
f  40 141 41
f  39 140 42
f  39 41 140
f  36 39 42
f  40 43 142
f  36 42 38
f  36 38 37
f  35 37 38
f  1917 1925 1934
f  11 36 37
f  12 35 133
f  1916 1925 1917
f  2 39 36
f  1861 1921 1987
f  1914 1935 1938
f  1892 1913 1928
f  1875 1909 1883
f  1916 1931 1925
f  7 8 71
f  11 37 12
f  4 12 134
f  4 130 8
f  4 131 130
f  4 134 135
f  1882 1883 1912
f  1884 1912 1885
f  4 135 131
f  1882 1912 1884
f  47 51 50
f  50 51 53
f  18 47 50
f  20 50 52
f  16 52 44
f  15 44 45
f  15 16 44
f  40 142 141
f  41 141 140
f  1878 1914 1923
f  1915 1931 1916
f  1893 1916 1917
f  1888 1917 1918
f  1892 1928 1894
f  50 153 52
f  1427 1905 1874
f  1897 1904 1903
f  1901 1905 1904
f  1891 1913 1892
f  1885 1913 1887
f  1874 1905 1902
f  15 45 32
f  1874 1908 1875
f  1897 1898 1904
f  1898 1901 1904
f  1901 1902 1905
f  1874 1902 1908
f  1914 1918 1935
f  1917 1934 1918
f  179 218 183
f  24 190 187
f  167 169 168
f  168 169 191
f  161 164 171
f  164 165 170
f  164 170 171
f  165 181 170
f  161 171 169
f  169 171 195
f  170 198 171
f  173 180 175
f  173 178 182
f  178 179 183
f  179 211 218
f  24 187 186
f  175 180 181
f  173 182 180
f  170 181 199
f  180 204 181
f  180 182 205
f  178 183 182
f  182 183 207
f  183 218 208
f  185 186 187
f  168 191 190
f  227 256 254
f  169 195 191
f  171 196 195
f  171 197 196
f  138 155 154
f  116 121 600
f  121 122 603
f  122 123 593
f  123 124 594
f  124 125 596
f  125 157 596
f  129 130 131
f  133 135 134
f  71 128 136
f  71 136 154
f  136 137 154
f  137 138 154
f  138 139 155
f  139 143 156
f  171 198 197
f  139 156 155
f  143 148 156
f  143 144 148
f  144 145 148
f  145 146 147
f  145 149 148
f  145 147 149
f  157 158 647
f  158 159 646
f  165 175 181
f  24 167 168
f  161 169 167
f  24 168 190
f  217 219 224
f  243 244 246
f  240 245 248
f  235 239 248
f  240 243 245
f  239 240 248
f  234 248 236
f  234 235 248
f  229 230 231
f  224 227 254
f  224 226 227
f  224 225 226
f  217 224 254
f  217 254 255
f  217 255 218
f  244 1151 247
f  219 220 223
f  217 220 219
f  212 215 220
f  216 235 234
f  216 234 231
f  216 231 230
f  215 230 229
f  215 229 223
f  216 239 235
f  215 216 230
f  211 212 217
f  211 217 218
f  212 220 217
f  215 223 220
f  245 252 251
f  170 199 198
f  192 193 203
f  193 194 202
f  208 218 255
f  194 200 202
f  193 202 203
f  259 1157 260
f  247 259 258
f  246 258 257
f  247 1157 259
f  246 247 258
f  246 257 253
f  245 253 252
f  245 246 253
f  115 116 598
f  248 251 250
f  245 251 248
f  248 250 249
f  236 248 249
f  200 201 202
f  181 204 199
f  180 205 204
f  182 207 206
f  182 206 205
f  183 208 207
f  247 1151 1157
f  244 247 246
f  243 246 245
f  1956 1957 1958
f  8 128 71
f  57 73 72
f  61 77 74
f  70 74 75
f  64 75 76
f  74 77 104
f  75 100 76
f  1855 1856 1955
f  1856 1952 1953
f  1856 1953 1955
f  1854 1954 1941
f  1954 1955 1967
f  1952 1956 1958
f  1956 1960 1957
f  1855 1955 1954
f  1952 1958 1953
f  1957 1983 1958
f  1953 1992 1993
f  1953 1958 1992
f  1953 1993 1955
f  74 104 75
f  72 117 78
f  71 119 73
f  72 73 118
f  77 78 117
f  77 117 104
f  72 118 117
f  71 154 119
f  1941 1969 1965
f  1843 1944 1942
f  1791 1940 1802
f  1843 1942 1940
f  1802 1940 1942
f  1844 1943 1949
f  1844 1845 1943
f  1845 1846 1950
f  1846 1854 1941
f  1845 1950 1943
f  1846 1951 1950
f  57 72 58
f  7 73 57
f  58 78 62
f  58 72 78
f  1846 1941 1951
f  1941 1965 1951
f  1843 1945 1944
f  1843 1949 1945
f  1944 1945 1947
f  62 78 77
f  1945 1949 1978
f  1950 1951 1964
f  1943 1981 1979
f  1943 1950 1981
f  1943 1979 1949
f  1854 1855 1954
f  7 71 73
f  8 129 128
f  8 130 129
f  89 120 95
f  1863 1986 1989
f  1864 1989 1960
f  1957 1960 1989
f  1863 1989 1864
f  1862 1868 1986
f  1862 1986 1863
f  1958 1983 1992
f  1957 1989 1983
f  86 120 89
f  89 95 90
f  90 96 93
f  93 97 94
f  94 97 575
f  86 115 120
f  1861 1987 1986
f  90 95 96
f  93 96 97
f  95 120 583
f  95 582 96
f  96 581 97
f  98 103 99
f  98 100 103
f  76 100 98
f  75 104 100
f  105 110 106
f  108 114 109
f  113 116 115
f  115 592 120
f  1809 1974 1975
f  1941 1954 1969
f  1951 1965 1964
f  1950 1964 1981
f  73 119 118
f  1955 1993 1967
f  1954 1967 1969
f  82 109 85
f  85 115 86
f  68 99 81
f  81 105 82
f  68 98 99
f  81 99 103
f  81 103 110
f  81 110 105
f  1843 1844 1949
f  1945 1978 1974
f  1809 1811 1974
f  1809 1975 1810
f  1811 1947 1974
f  1945 1974 1947
f  1804 1975 1973
f  1949 1979 1978
f  82 105 106
f  85 113 115
f  82 106 108
f  82 108 109
f  85 114 113
f  85 109 114
f  1405 1416 1419
f  1424 1426 1428
f  1423 1424 1427
f  1412 1420 1423
f  1428 1897 1903
f  1424 1428 1427
f  1427 1428 1905
f  1412 1427 1874
f  1412 1423 1427
f  1411 1420 1412
f  1411 1419 1420
f  1426 1897 1428
f  1397 1415 1416
f  1405 1419 1411
f  1404 1416 1405
f  1400 1416 1404
f  1397 1416 1400
f  1397 1399 1415
f  1396 1415 1399
f  1393 1415 1396
f  1386 1393 1391
f  1386 1415 1393
f  815 1756 860
f  844 849 847
f  844 845 849
f  834 848 849
f  847 849 848
f  845 858 849
f  812 859 858
f  813 814 859
f  812 813 859
f  814 815 860
f  814 860 859
f  1411 1412 1875
f  835 849 852
f  849 858 853
f  849 853 852
f  853 858 856
f  856 858 859
f  857 859 860
f  860 1756 1750
f  856 859 857
f  857 860 1750
f  1357 1364 1387
f  1368 1378 1380
f  1367 1377 1378
f  1369 1382 1370
f  1368 1369 1389
f  1367 1368 1389
f  1368 1380 1369
f  1367 1378 1368
f  1366 1377 1367
f  1366 1367 1388
f  1365 1388 1387
f  1369 1380 1382
f  1365 1366 1388
f  1364 1365 1387
f  1357 1363 1364
f  1345 1363 1357
f  1365 1374 1366
f  1364 1373 1365
f  1366 1374 1377
f  1365 1373 1374
f  1362 1373 1364
f  1392 1393 1396
f  1405 1411 1883
f  1404 1405 1879
f  1401 1873 1410
f  1401 1404 1873
f  1409 1410 1871
f  1408 1409 1871
f  1407 1408 1870
f  1358 1406 1839
f  1406 1407 1869
f  1397 1400 1399
f  812 858 846
f  1391 1393 1392
f  1390 1391 1392
f  1370 1391 1390
f  1369 1370 1390
f  1369 1390 1389
f  1367 1389 1388
f  1370 1385 1391
f  1385 1386 1391
f  1370 1382 1385
f  732 770 773
f  777 778 789
f  775 776 790
f  775 789 778
f  776 780 790
f  780 781 797
f  781 782 797
f  782 783 798
f  783 784 799
f  784 809 800
f  732 769 770
f  777 788 779
f  732 773 787
f  774 788 787
f  786 787 788
f  732 787 786
f  786 788 792
f  777 789 788
f  788 789 792
f  775 790 789
f  789 795 792
f  790 796 795
f  719 768 731
f  713 715 726
f  715 717 728
f  714 716 715
f  715 716 719
f  715 719 717
f  713 726 724
f  715 728 726
f  717 731 728
f  731 769 732
f  717 719 731
f  789 790 795
f  731 768 769
f  1893 1894 1915
f  761 762 765
f  760 764 766
f  761 765 764
f  762 763 765
f  768 770 769
f  773 774 787
f  774 779 788
f  823 826 842
f  817 818 821
f  820 821 822
f  820 822 826
f  820 826 823
f  828 830 829
f  833 834 835
f  834 849 835
f  820 839 838
f  819 820 838
f  820 823 839
f  811 821 820
f  823 842 839
f  826 828 842
f  828 829 842
f  829 830 843
f  830 833 843
f  833 835 843
f  829 843 842
f  835 852 843
f  845 846 858
f  798 804 802
f  790 797 796
f  796 797 802
f  780 797 790
f  782 798 797
f  797 798 802
f  798 799 804
f  783 799 798
f  784 800 799
f  800 809 819
f  799 800 807
f  1328 1362 1363
f  799 807 804
f  800 808 807
f  808 819 838
f  800 819 808
f  809 810 819
f  810 820 819
f  810 811 820
f  811 816 821
f  816 817 821
f  1244 1245 1248
f  1173 1174 1187
f  1174 1202 1190
f  1173 1186 1183
f  1173 1187 1186
f  1174 1190 1187
f  1161 1176 1175
f  1161 1175 1162
f  1175 1176 1178
f  1243 1249 1248
f  1244 1248 1247
f  1173 1183 1182
f  1243 1248 1245
f  1244 1247 1246
f  1181 1182 1183
f  1240 1241 1242
f  1186 1187 1188
f  1187 1190 1188
f  1188 1190 1189
f  1234 1235 1238
f  1223 1235 1234
f  1223 1234 1229
f  1160 1166 1165
f  1155 1160 1159
f  1156 1161 1160
f  1157 1158 1194
f  1158 1159 1195
f  260 1157 1194
f  1158 1195 1194
f  1159 1160 1196
f  1160 1161 1163
f  1161 1162 1163
f  1160 1163 1166
f  1222 1229 1231
f  1159 1196 1195
f  1160 1165 1196
f  1164 1196 1165
f  1169 1170 1176
f  1170 1173 1182
f  1161 1169 1176
f  1170 1178 1176
f  1170 1181 1178
f  1170 1182 1181
f  1205 1207 1210
f  1212 1215 1216
f  1211 1212 1227
f  1210 1211 1226
f  1211 1215 1212
f  1207 1211 1210
f  1209 1210 1225
f  1208 1209 1224
f  1205 1210 1209
f  1203 1209 1208
f  1207 1215 1211
f  1216 1219 1221
f  1190 1202 1208
f  1203 1205 1209
f  1202 1203 1208
f  1198 1208 1199
f  1190 1198 1197
f  1190 1208 1198
f  1190 1197 1193
f  1189 1193 1191
f  1189 1191 1192
f  1235 1279 1238
f  1222 1231 1230
f  1221 1233 1232
f  1221 1230 1233
f  1212 1232 1228
f  1212 1228 1227
f  1211 1227 1226
f  1210 1226 1225
f  1209 1225 1224
f  1199 1208 1224
f  1238 1279 1240
f  1156 1169 1161
f  1223 1278 1235
f  1220 1223 1222
f  1220 1278 1223
f  1219 1220 1222
f  1222 1223 1229
f  1221 1222 1230
f  1212 1221 1232
f  1219 1222 1221
f  1212 1216 1221
f  1311 1313 1312
f  1327 1341 1340
f  1324 1340 1339
f  1315 1324 1339
f  1313 1324 1315
f  1327 1328 1345
f  1324 1327 1340
f  1313 1322 1324
f  1311 1320 1322
f  1311 1322 1313
f  1312 1313 1315
f  1327 1344 1341
f  1310 1311 1312
f  1309 1311 1310
f  1309 1320 1311
f  1308 1319 1309
f  1309 1319 1320
f  1309 1310 1335
f  1308 1335 1334
f  1308 1309 1335
f  1308 1334 1333
f  1307 1333 1332
f  1336 1347 1354
f  1362 1364 1363
f  1328 1363 1345
f  1327 1345 1344
f  1358 1838 1359
f  1359 1837 1360
f  1345 1357 1356
f  1349 1356 1355
f  1348 1355 1354
f  1346 1356 1349
f  1348 1349 1355
f  1307 1308 1333
f  1347 1348 1354
f  1336 1354 1353
f  1350 1353 1352
f  1337 1353 1350
f  1350 1352 1351
f  1336 1353 1337
f  1345 1356 1346
f  1344 1345 1346
f  1339 1340 1341
f  1242 1280 1289
f  1284 1286 1294
f  1290 1292 1297
f  1243 1293 1249
f  1249 1293 1291
f  1249 1291 1290
f  1283 1292 1290
f  1289 1290 1291
f  1151 1152 1158
f  1283 1284 1292
f  1280 1290 1289
f  1284 1294 1292
f  1241 1280 1242
f  1240 1279 1241
f  1280 1283 1290
f  1241 1279 1280
f  1235 1278 1279
f  1152 1155 1159
f  1151 1158 1157
f  1152 1159 1158
f  1155 1156 1160
f  1295 1331 1330
f  1306 1308 1307
f  1298 1307 1332
f  1306 1319 1308
f  1304 1306 1307
f  1298 1304 1307
f  1296 1302 1298
f  1298 1302 1304
f  1296 1301 1302
f  1286 1301 1295
f  1298 1332 1331
f  760 761 764
f  1296 1298 1331
f  1295 1296 1331
f  1294 1295 1330
f  1294 1330 1329
f  1292 1294 1329
f  1292 1329 1297
f  1249 1290 1297
f  1295 1301 1296
f  1286 1295 1294
f  1743 1745 1744
f  1746 1759 1747
f  1747 1780 1755
f  1744 1755 1754
f  1744 1747 1755
f  1744 1754 1758
f  1751 1758 1754
f  1750 1757 1751
f  1751 1757 1758
f  1750 1756 1757
f  1744 1746 1747
f  1744 1745 1746
f  1747 1759 1760
f  1742 1743 1744
f  1741 1744 1758
f  1741 1742 1744
f  1737 1741 1758
f  1737 1758 1757
f  1736 1757 1756
f  1736 1737 1757
f  1735 1736 1756
f  815 1735 1756
f  1740 1786 1777
f  1771 1777 1776
f  1767 1774 1784
f  1777 1819 1785
f  1776 1785 1784
f  1766 1784 1781
f  1760 1781 1780
f  1766 1767 1784
f  1765 1766 1781
f  1762 1765 1781
f  1760 1762 1781
f  1747 1760 1780
f  1774 1775 1776
f  586 598 587
f  1771 1776 1775
f  1777 1786 1812
f  1738 1777 1771
f  1738 1740 1777
f  1739 1771 1770
f  1739 1770 1769
f  1738 1771 1739
f  1739 1769 1768
f  1765 1767 1766
f  1759 1762 1760
f  627 638 630
f  602 605 604
f  607 609 608
f  612 614 613
f  613 614 615
f  614 616 615
f  615 616 636
f  616 617 637
f  615 623 622
f  623 636 625
f  615 636 623
f  625 637 627
f  157 597 596
f  630 639 631
f  625 636 637
f  616 637 636
f  617 638 637
f  627 637 638
f  630 638 639
f  617 618 639
f  618 619 640
f  617 639 638
f  618 640 639
f  591 612 613
f  587 604 590
f  587 598 600
f  587 600 602
f  587 602 604
f  590 604 605
f  590 605 607
f  590 608 591
f  591 613 622
f  590 607 608
f  591 608 609
f  591 609 612
f  1774 1776 1784
f  613 615 622
f  120 592 583
f  115 598 592
f  116 600 598
f  121 603 600
f  122 593 603
f  123 594 593
f  714 760 766
f  124 596 595
f  157 647 597
f  575 581 576
f  1841 1842 1858
f  1840 1841 1857
f  1840 1853 1852
f  1847 1852 1851
f  1849 1851 1850
f  1847 1848 1852
f  1840 1852 1848
f  1847 1851 1849
f  1358 1839 1838
f  1359 1838 1837
f  1360 1837 1836
f  1842 1876 1859
f  576 582 579
f  579 583 580
f  580 592 586
f  97 581 575
f  576 581 582
f  96 582 581
f  95 583 582
f  1815 1831 1830
f  1827 1973 1835
f  1826 1835 1834
f  1410 1873 1872
f  1891 1892 1894
f  1891 1894 1893
f  1893 1915 1916
f  1888 1893 1917
f  1878 1888 1918
f  1884 1885 1887
f  1879 1883 1882
f  1411 1875 1883
f  1412 1874 1875
f  1405 1883 1879
f  1404 1879 1873
f  1804 1973 1827
f  1410 1872 1871
f  1408 1871 1870
f  1407 1870 1869
f  1406 1869 1839
f  1862 1863 1864
f  1860 1861 1868
f  1859 1876 1860
f  1842 1859 1858
f  1841 1858 1857
f  1840 1857 1853
f  1791 1802 1801
f  1809 1810 1811
f  579 582 583
f  580 583 592
f  586 592 598
f  1803 1807 1804
f  1803 1804 1827
f  1799 1803 1826
f  1798 1799 1826
f  1797 1798 1826
f  1796 1797 1825
f  1795 1796 1825
f  1787 1813 1812
f  1792 1801 1800
f  1793 1800 1794
f  1791 1801 1792
f  1792 1800 1793
f  1790 1795 1815
f  1789 1790 1814
f  1788 1789 1816
f  1787 1788 1813
f  1786 1787 1812
f  1776 1777 1785
f  1816 1822 1824
f  1807 1810 1975
f  1804 1807 1975
f  1826 1827 1835
f  1803 1827 1826
f  1825 1826 1834
f  1815 1825 1831
f  1825 1834 1831
f  1797 1826 1825
f  1795 1825 1815
f  1814 1830 1822
f  124 595 594
f  1777 1812 1819
f  1813 1824 1820
f  1812 1820 1819
f  1814 1815 1830
f  1814 1822 1816
f  1790 1815 1814
f  1789 1814 1816
f  1813 1816 1824
f  1812 1813 1820
f  1788 1816 1813
f  667 668 684
f  643 659 663
f  662 665 664
f  667 669 668
f  643 682 681
f  664 684 682
f  668 687 684
f  664 665 684
f  665 667 684
f  653 655 670
f  619 648 642
f  687 694 688
f  669 693 687
f  687 693 694
f  688 694 696
f  693 695 694
f  694 695 696
f  695 697 696
f  652 670 671
f  653 654 655
f  652 653 670
f  651 652 671
f  651 671 658
f  650 657 656
f  650 658 657
f  649 656 659
f  643 649 659
f  650 651 658
f  649 650 656
f  643 648 649
f  644 645 646
f  159 644 646
f  158 646 647
f  678 709 713
f  708 711 723
f  674 675 700
f  675 676 710
f  676 677 711
f  675 710 700
f  676 711 710
f  677 712 711
f  677 678 712
f  706 710 708
f  678 713 712
f  709 760 714
f  712 724 723
f  711 712 723
f  712 713 724
f  709 715 713
f  709 714 715
f  668 669 687
f  708 710 711
f  700 710 706
f  699 700 705
f  700 706 705
f  699 705 702
f  690 698 702
f  674 700 699
f  673 674 699
f  673 699 698
f  672 698 696
f  672 673 698
f  672 696 697
f  698 699 702
f  690 696 698
f  688 696 690
f  662 682 663
f  642 648 643
f  619 642 641
f  619 641 640
f  631 640 634
f  631 639 640
f  634 640 641
f  634 641 635
f  635 642 681
f  643 663 682
f  642 643 681
f  635 641 642
f  662 664 682
f  262 548 278
f  280 566 281
f  1264 1263 1543
f  279 277 563
f  564 277 278
f  753 1041 752
f  261 272 558
f  266 261 547
f  553 262 267
f  276 733 1021
f  265 263 549
f  264 265 551
f  263 266 552
f  267 264 550
f  271 268 554
f  268 269 555
f  272 270 556
f  270 271 557
f  559 269 273
f  273 274 560
f  274 275 561
f  275 276 562
f  1251 1531 1252
f  733 1022 1021
f  1263 1262 1542
f  1261 1541 1262
f  1260 1540 1261
f  1539 1260 1259
f  1258 1538 1259
f  1257 1537 1258
f  1256 1536 1257
f  1255 1535 1256
f  1534 1255 1254
f  1254 1253 1533
f  1252 1532 1253
f  754 1042 753
f  1250 1530 1251
f  286 572 1250
f  749 1038 1037
f  748 1037 1036
f  1036 1035 747
f  1035 1034 746
f  1034 1033 745
f  758 759 1047
f  758 1046 757
f  756 757 1045
f  1044 755 756
f  1043 754 755
f  1031 1030 742
f  738 739 1027
f  275 562 561
f  274 561 560
f  1026 737 738
f  560 559 273
f  554 557 271
f  270 557 556
f  736 737 1025
f  735 736 1024
f  734 735 1023
f  733 734 1022
f  1033 1032 744
f  743 1032 1031
f  739 740 1028
f  741 1030 1029
f  1029 1028 740
f  1028 1027 739
f  556 558 272
f  559 555 269
f  1027 1026 738
f  555 554 268
f  267 550 553
f  263 552 549
f  1026 1025 737
f  1025 1024 736
f  735 1024 1023
f  734 1023 1022
f  570 285 284
f  279 565 280
f  282 568 283
f  571 572 286
f  285 570 571
f  569 570 284
f  569 283 568
f  282 567 568
f  281 566 567
f  280 565 566
f  563 565 279
f  277 564 563
f  276 1021 562
f  569 284 283
f  281 567 282
f  285 571 286
f  751 752 1040
f  751 1039 750
f  1038 749 750
f  749 1037 748
f  748 1036 747
f  747 1035 746
f  745 746 1034
f  744 745 1033
f  743 744 1032
f  742 743 1031
f  741 742 1030
f  740 741 1029
f  1260 1539 1540
f  1729 1734 2019
f  1734 1723 2008
f  1250 572 1530
f  1251 1530 1531
f  1252 1531 1532
f  1533 1253 1532
f  1533 1534 1254
f  1255 1534 1535
f  1535 1536 1256
f  1257 1536 1537
f  1258 1537 1538
f  1539 1259 1538
f  1728 2013 1733
f  1261 1540 1541
f  1542 1262 1541
f  1542 1543 1263
f  1543 1544 1264
f  1544 1545 1265
f  1266 1545 1546
f  1546 1547 1267
f  1547 1548 1268
f  1548 1549 1269
f  1549 1550 1270
f  1550 1551 1271
f  1551 1552 1272
f  1720 1719 2004
f  1729 2019 2014
f  2008 2019 1734
f  1709 1994 759
f  1710 1995 1709
f  1711 1996 1710
f  1997 1711 1712
f  1714 1715 2000
f  1712 1713 1998
f  1714 1999 1713
f  1717 2002 1715
f  2001 1717 1716
f  1718 2003 1719
f  1273 1552 1553
f  1721 1720 2005
f  1722 1721 2006
f  2007 1726 1722
f  2009 1725 1724
f  1723 1725 2010
f  1727 1726 2011
f  1724 1727 2012
f  1731 2016 1728
f  1732 1729 2014
f  2015 1731 1730
f  1730 1732 2017
f  2018 1716 1733
f  564 278 548
f  758 1047 1046
f  1045 757 1046
f  1044 756 1045
f  755 1044 1043
f  754 1043 1042
f  753 1042 1041
f  752 1041 1040
f  1040 1039 751
f  1038 750 1039
f  547 552 266
f  261 558 547
f  262 553 548
f  759 1994 1047
f  264 551 550
f  549 551 265
f  1274 1554 1718
f  1274 1273 1553
f  1273 1272 1552
f  1272 1271 1551
f  1550 1271 1270
f  1270 1269 1549
f  1269 1268 1548
f  1547 1268 1267
f  1267 1266 1546
f  1266 1265 1545
f  1724 2012 2009
f  1274 1553 1554
f  1718 1554 2003
f  2018 1733 2013
f  1716 2018 2001
f  1731 2015 2016
f  2017 2015 1730
f  2014 2017 1732
f  1728 2016 2013
f  2011 2012 1727
f  2007 2011 1726
f  1723 2010 2008
f  2009 2010 1725
f  1265 1264 1544
f  2006 2007 1722
f  1721 2005 2006
f  1720 2004 2005
f  1719 2003 2004
f  1717 2001 2002
f  1715 2002 2000
f  1714 2000 1999
f  1998 1713 1999
f  1998 1997 1712
f  1711 1997 1996
f  1710 1996 1995
f  1709 1995 1994
